x1,x2,x3,x4,x5,x6,y
-1.0,-1.0,0.008303069578306288,-1.0,0.18286010848938505,1.0,-4.447132728418504
0.5502142312886134,-1.0,-0.8996065378343239,-1.0,-1.0,-0.22302808107433747,6.0932283039511645
0.5119936271550336,-1.0,-0.32862730448028243,1.0,1.0,0.7112877204088779,-0.6348413254630301
1.0,0.6131219301691286,0.26896838164880155,1.0,0.8656367081629566,0.6700515546582824,-2.302094461505096
-1.0,-0.8866488925844324,0.5831327887232383,0.39241258388319444,1.0,-0.0401934024245742,2.4921076764541787
0.793250345657418,1.0,1.0,0.6718789092368793,-0.9540037608008415,-0.23528353174620115,2.4038254675499715
0.6962105832020131,0.2559369352213483,0.10030400830505193,0.8376926295069178,0.2344246610416017,-0.04841256652286674,-0.9827331655587568
-1.0,0.3155133332098168,-1.0,-0.6492642701588337,-0.07015806939307845,-0.7029085368790109,1.3906649994176508
-1.0,-1.0,-0.46053069282404346,-0.7578238773407233,-0.1631817832360678,-0.9847860333725422,3.311664243759714
0.5392620407680315,0.3746802669636057,0.003789720598984192,-0.05283037946442097,0.6145467371277595,0.024790685424338432,-0.7283514629701189
-0.8783262119433393,0.25388237588859736,-0.561571682785764,-0.08443286491902481,0.8161207334355002,0.5309182495023378,2.5640081632896163
-0.2335362217019763,-0.9650077723241888,-1.0,-0.40427758070112696,1.0,1.0,3.4953831199757057
0.5784859776252347,1.0,0.4469562259127289,0.6423972313834764,-1.0,-0.7973658317743052,3.7516481071981
-0.7660714087141842,-0.3026235070579135,-1.0,-0.3543654435692052,-1.0,-1.0,0.9216286167927514
-1.0,-0.7652558603908475,0.5741641408740915,-0.5641005512859892,-0.31923220815569564,-0.28709862705228734,1.0247956426964495
-1.0,-1.0,-1.0,0.20464267923622526,-0.3891362347771955,-0.13692782527089753,-5.399454472146983
0.21538313925593977,-0.4068101419558753,0.10558013357474827,-0.10438631949580573,-1.0,-0.5262210424681146,1.307795329153541
1.0,0.17632778316353415,-0.7220519119630451,-0.6743785700524632,1.0,0.12837720050384993,-2.8017465435615105
-0.17921029544805656,-1.0,-1.0,-0.06928970816809388,0.4726508667093047,0.8830615378655604,1.7722355587135648
-1.0,0.4707355934568982,1.0,-0.5592879689905181,0.39424275530267705,0.8003042975376434,-2.40854364608656
0.32336858789338746,-0.2936272702698527,-0.6932778883757319,0.6077193085706797,1.0,1.0,4.807753981934062
-1.0,-0.42695755019699166,-1.0,-0.04626687225745685,-0.24446823109408,-0.21212853567677903,-1.0034969557161801
0.6130811490710514,1.0,0.5470608103873571,1.0,1.0,1.0,-2.289732200368906
-0.9486081211520847,-0.8539758814184022,-1.0,-0.20676675416742873,0.29289964650928624,-0.2886020826131108,-1.4476903951856936
-0.3326548282512274,-0.5244387774660033,-0.9129535102382799,-0.39774120726103945,-1.0,-0.26124202468065405,-1.285221630730848
-1.0,-0.038882228554046994,-1.0,-0.35722205077632635,0.3007263528598386,0.6121615945899868,2.9423110453396473
-0.21964807204961478,1.0,1.0,0.6462797647826062,-0.3129170091541783,0.37010952232473526,-3.8594078725348027
-1.0,-0.7354433475224526,-0.8901423701677355,-9.488128838280874e-05,-0.17421267341515467,-1.0,4.707287594751351
-1.0,0.11664214591389521,-0.6863384878945563,-0.4270995030884611,0.21039044722446376,-0.4977523771017857,1.2572479416143838
-0.5866863567536207,-0.18587205701290743,-1.0,-0.2162163592246802,-0.5533516245845065,-0.3056962129449373,-0.119191333429985
-0.011906956324817364,1.0,0.6688348633257815,1.0,0.7052790487329399,-0.09744948588470603,-3.1394925106665763
0.2462348128408789,0.25434715872648783,0.6878271077744573,0.7818548111711554,-0.8583933014240585,0.025506117747186585,0.2833343090121302
-0.67902408999631,-0.08348438751099463,0.17894037499289306,-0.4305060074199173,-0.6182035305421703,-1.0,0.6735193385931881
0.18562368618399439,0.11636746552106558,0.315689245153294,0.3164741845283452,1.0,-1.0,1.6702160321200017
0.16542124251847323,0.1524465262349195,-0.1419961662998051,1.0,-1.0,0.13198677006060167,0.6175831805667837
1.0,0.5917308035420681,0.8558149595646234,0.25749000260295984,0.004037069357195416,-1.0,3.061459811720033
0.5979103694490504,0.7533182219092308,1.0,0.8782349358203991,1.0,0.8743022336485154,-5.862645757260511
-0.39983381809067176,0.7391605293466214,0.1943938912629899,-1.0,-0.08621188215745801,-1.0,-0.421532167536648
-0.22192798389248916,0.13743036909461553,-0.6368964155760868,-0.37372642046198246,-0.7241540774871191,0.38404717994923654,-0.7367357835996202
0.18759500938300494,-1.0,-0.22147579099540393,0.2413876696407985,-0.4808478082285781,-0.9989445148512106,3.070528113555947
1.0,-0.43156197636843346,0.5805000243433966,0.20762693392835652,-0.23897981987342323,-0.746035330110729,4.979120352363722
0.9041307949725121,1.0,1.0,1.0,-0.6392175387872742,0.3930116264188219,0.2304430042829738
1.0,0.8740115057481923,-0.1978096956089641,1.0,-1.0,-0.6492786355022219,7.761937838122451
-0.07930348999663006,-1.0,0.18132028970453362,-1.0,0.568342130498666,-1.0,7.321017100328469
0.004964541501567998,0.7322785976877852,1.0,1.0,-0.22190926143228454,0.07420231683244438,-2.5617146862608364
-1.0,-0.6653685796594319,-0.34824183312720136,-0.556342054310309,-0.49644220187394406,-0.12600923375612716,-0.5258967397174829
-0.28958621227402404,-0.6965850093109442,0.0744507721181552,-1.0,-0.8003515280254601,0.7809353236607715,1.8925876945866715
-0.12730416120915578,-1.0,-0.7827115706257917,-1.0,1.0,-0.28424461240413634,-1.9036768708359044
0.774891274560799,1.0,0.38095504228713994,0.11652046744225153,-0.660772253806077,-0.5475695235857028,1.420744324367717
-1.0,-0.16330935552980197,-1.0,-1.0,0.7139707064692168,1.0,6.498926466558151
-0.3627895798987618,-1.0,-0.4246511067036275,-0.6413406763961759,-1.0,-1.0,3.1853950866223992
-0.39367892260776316,-0.5537034984943119,0.5650570517492985,-0.4502392557385276,0.2177306889397952,-0.6037632336563781,1.0168718740980875
-0.7709922271441736,-0.21249790923704492,0.3683811453695009,-1.0,1.0,0.8923035559797199,3.8431949116146105
1.0,-0.12382062917197312,-0.4877874008666401,-1.0,1.0,1.0,-0.24135513804135836
1.0,0.1646516634072459,1.0,1.0,0.8354962347569781,1.0,-5.6940011070626335
-0.21778336381457775,-0.7967227925102167,-0.9736565695883114,-1.0,1.0,-0.7049499798769402,0.2054903413023736
0.9047432724697378,0.5736361505988894,0.3846748768348627,1.0,1.0,1.0,-0.1507471199750014
-0.9794281762624518,1.0,-0.47074749642142844,-1.0,0.4479881732905895,0.41892793201332973,2.4716127939276196
-0.1708811823350126,-1.0,0.5373030765650144,-0.623491283280986,1.0,0.7774593320534837,-0.1120270472504496
1.0,0.23446682619644046,-0.6524485180004121,0.24797486922501732,0.6195799230568361,1.0,1.27025630405304
-0.7065924518468761,-0.13366040751391456,-0.640942707827242,-0.6276085916405454,0.637322898183974,0.4800816838134817,1.1411807881632228
0.18733639180360218,0.7251169015454271,1.0,1.0,-0.35162368761709595,-0.2672460087861219,-1.5083630531264727
1.0,0.6761002045665614,0.6617216977960946,0.3696312482830735,-1.0,-1.0,7.358402975836659
-0.1596306846174938,0.3907647857266136,-0.043858893335414345,-1.0,-0.5166113218279511,-0.9563240168040241,2.19380173886696
-0.5198827057593105,-1.0,0.09230722833318317,-1.0,-0.1290782323623021,-0.39322465720113964,1.2708032888589902
1.0,-0.5991986052148079,-0.12283830101604626,-0.8339338821492775,-0.257952579017555,-1.0,8.243337681095657
-0.07471515296294776,-0.23269101799995084,-0.5931907916837906,1.0,-0.16825009731474627,0.554448082227066,0.8797291265480713
1.0,0.7553337531795588,1.0,-0.10244600331695652,0.008608077048343654,-0.35924874143248325,-0.19990213994916678
0.3976694761015284,1.0,-0.0488298851389507,-1.0,1.0,-0.09867911732596629,1.601780806594387
-0.7290008868048643,-1.0,-1.0,-1.0,-0.17885230167359822,0.8144043886801072,-2.3535534536565272
0.5698973438322175,0.08539671668992885,1.0,0.21789682593307902,0.0756660015739603,0.7078676630430053,-1.1949507884572825
-0.6378188939658701,-0.7940333617165598,-0.3599178805519463,-0.9940221274938127,0.3318552700320529,1.0,0.45006807318210384
-0.6414966324692792,-1.0,-0.46857192225576305,-0.23575720355255242,0.5615758997730589,0.3303825718098643,-0.8080815102645468
0.348927351638733,0.7855679752607218,0.7959617374834871,0.20627158910052945,-0.2856616490628163,1.0,0.06534416463430234
-0.5976035229048657,-0.8143197306430221,0.7763050487287868,1.0,0.4220336734530781,1.0,1.065267724272215
0.2219596264489793,-0.9820531993970023,-0.7324463458170504,-0.7645553515783533,0.26704646626873424,-0.9133564877002831,2.26306716125697
1.0,0.6137756150225377,0.5442491417648709,-0.34246031441615177,0.07479309302619316,-0.26368730666337326,0.3668199520464629
0.7406111582470467,-0.5936246300055612,0.1458309782024393,-0.552761996342328,0.5604358671260128,0.7650252338016125,-1.3430460287181372
0.46412180652422474,-0.8069564054964256,-0.02783641233116213,0.7522720120495966,0.7705403376010151,1.0,2.57180572029328
-0.9006779921963437,-1.0,-1.0,-1.0,-0.1962713137977912,1.0,-2.0453697277977034
-0.4733048082135837,-0.18570444682399095,0.901134464701304,0.1347814549031836,-1.0,-0.7641194922584142,-1.0740740760848826
-1.0,-0.2950064287787051,-1.0,-0.40027830171590895,0.10724031253913102,0.19104735976530351,-0.8354190973120301
1.0,0.6917980409268556,-0.5621523872456887,0.2722230921412594,0.5803147561717956,-0.5035238971494005,-1.088125257019272
0.7887121715034486,1.0,1.0,1.0,-1.0,-0.11987091545767692,3.2148763862748
0.2525131780535176,-1.0,-1.0,0.4568458790637404,0.6735179357255912,1.0,3.4617589221824456
-1.0,-1.0,-0.7380878019443018,-0.4822485897562585,0.6505330050661509,1.0,0.728070134020551
1.0,0.2514492179098098,1.0,1.0,0.5840641348594553,0.8737168976928846,-5.142052887653621
-1.0,-1.0,-1.0,-0.45731548147689965,-0.8236060317576311,1.0,0.02212299661459749
-1.0,-0.42794266062958863,-0.5630356733653215,-1.0,-0.39663940581588675,-1.0,2.645919640843543
1.0,0.7041673661488863,1.0,1.0,1.0,1.0,-7.593357572979586
-0.3622448200542612,-0.7997274920147379,-0.44371181127731907,0.23444593571567568,0.10791457306886332,1.0,2.1705624291123726
-1.0,-1.0,-1.0,-0.22020202601552907,1.0,1.0,3.8659819965127897
-0.4387171877198419,0.492386837471277,-1.0,0.6545703632522479,-0.7256470881001726,-0.6828608781585139,0.8113203420529732
-0.05947246985758614,-1.0,-0.47448066658466326,-0.898820956790026,1.0,1.0,0.16374139521841125
0.9380573769846653,-0.2932965107688409,0.006157461794801006,-0.6986862035758088,1.0,0.6757315417401808,-1.6590152858203822
-1.0,-0.5309303556363891,-0.4878088527849739,-0.2844237759617927,-1.0,-0.6329693649366055,-1.2525101262790093
-0.728994708729269,-0.2623280790817196,-0.5890913706190612,-1.0,-0.12029223615905749,-0.3733319786626699,-0.3431180437631724
-0.7478779364736525,-0.7202695792285412,1.0,1.0,1.0,1.0,1.2526986236782274
-1.0,-0.6512844813948311,-1.0,-1.0,1.0,0.42604210080725935,-1.8852304222576917
-0.19998343933099805,-0.1985197171554176,0.7601963211804668,-0.7381330622274362,1.0,0.4453834557311387,-0.15020534257588034
-0.37063837935864197,-1.0,-0.9272767593740747,0.4403575039369741,-0.6356007952989029,-0.17121930491571216,-3.1004956946202333
-0.4138946859839374,-0.16615059757009853,-0.9599195863909701,-0.07190496112162581,-0.6007480144836321,-0.14408262215636114,-2.1611052798887966
-0.012324912492396534,-1.0,1.0,-0.7084007653628308,-1.0,0.34493079744829763,4.221543971896878
1.0,1.0,1.0,-0.6801698289488503,1.0,1.0,-2.5486183620239102
0.45405161633825264,-0.23076047937600552,0.08936097994795589,-0.5134766250468519,-0.029578389744256972,-1.0,4.302606988441777
1.0,1.0,-0.15717356897485746,-0.36060807394612904,0.4955025392436281,1.0,4.124166461696869
0.4972227598309802,-0.6414709420073652,-1.0,-0.38817920167808356,-0.3030366033051488,-1.0,4.28365632466373
0.7090520313158719,0.6592818597075079,-1.0,0.6738826076806232,0.9309958979973437,1.0,2.832995804717121
0.11582173814204744,1.0,1.0,1.0,-0.8016799075833596,-0.44516327422802715,-0.11815241928658961
0.45078494576528694,0.1695582278170693,1.0,0.5518115988769584,0.23635699896667464,-0.41709567026393457,-0.8086629088152288
-0.7477444556354053,-0.197375571830831,1.0,-0.4862526717898611,0.9482542767997441,-1.0,3.3835282576444667
0.5630177452094918,1.0,1.0,1.0,-0.13267618634097608,-0.21602204695980476,-1.9985497695162473
-0.9284545633244164,-1.0,-0.0580637290790848,-0.9301492791468544,-0.5375829508860761,-1.0,4.361274815800248
-0.5242093255257531,0.5031546536026665,-1.0,0.46628092803065596,0.6069938503443106,0.24791712066140736,0.7095274008225436
-0.03458495411507834,-0.4780604781989771,-0.3640102514249981,-0.0920495205977358,-0.8977346294454049,-1.0,1.346849159718023
1.0,0.39503555151839764,-1.0,0.176619855591447,-0.0802542349781632,-0.39550426204256733,0.7788857582616231
1.0,1.0,0.2542311909052136,0.20412849960349289,-0.19940331002899958,0.8966555770192663,2.7587119219995655
0.326678541266866,0.08931899418185399,0.4025987714715432,0.4971372497732291,-1.0,1.0,3.79592808911634
1.0,0.6090031663176334,-0.800956799189166,0.3018895216687412,-0.28220206524331604,-1.0,4.375677937382811
1.0,1.0,0.2724768726235567,0.10918542028848632,-1.0,-0.5536916662056068,4.4614665461110325
-0.3468023777621624,0.41433614647658157,0.6510142710534953,-0.12737685271319887,0.5522400800660308,0.10862626928943186,0.17736050221068989
-0.8916322331454072,-0.1230824886244401,-0.09209233182597587,-0.5254452049311416,-0.06260821907952763,-0.19456397257047453,0.04399178014089176
-0.5416429841346375,-0.2495591304953646,-1.0,-1.0,-0.6587976833842388,0.5733747049209348,0.8766785495418263
0.7982905490522805,-0.859774843294726,-0.055678221340243694,-1.0,-1.0,-0.0653588744155238,7.90681387902996
0.4340590760505601,-0.953577410781823,-0.8457240896179239,0.1596511266527647,-1.0,-0.46817642972261003,0.07447954205269625
0.08353069704825683,-0.4763408131607175,0.6399398729723698,-1.0,-0.12007254462628714,-1.0,4.856060405002105
-0.6333293212210926,0.03214556982946304,-1.0,-0.047583974234385096,1.0,0.4293716416917006,0.6075299456306873
-1.0,-0.38287345721249144,-0.7399596206885297,-0.2062880779778533,0.5224654589513938,0.8720096007329363,2.9427614489407308
1.0,0.11108588173148926,-0.595262551263705,1.0,-0.21320030414670432,0.3723899432249214,0.6854853334982157
1.0,1.0,0.16188985589569804,1.0,0.8223354887537296,0.3447362163286848,-3.0451378013327957
-0.07107471611519334,1.0,1.0,1.0,0.13153112007741086,0.2931962880713445,-4.833337485222665
0.837839873600055,-1.0,0.3768670604414775,-0.052608862335453255,0.12778414247280678,-0.8638194304273674,5.560531193584075
-1.0,-1.0,-0.30451941997537524,0.19947505973584917,0.47644294558588174,0.49361004831395794,0.1194846926977463
-0.37159753794352957,0.0477077766169986,1.0,-0.9803890942605649,-0.2946050503355586,-0.3966900432840914,-0.6320555878765242
0.8550457690307282,1.0,-0.5800543507771442,-0.14571550518733084,-0.572814895498558,-0.7216964527766476,3.568616892892708
0.09645085631569775,-0.4696621579080788,0.5770195431717895,0.017889733146557674,-0.38352973415856595,-0.6439951845937846,3.3539737677920587
-1.0,-1.0,-0.03201612125323272,-1.0,0.7528760109964641,1.0,-0.5883635290792811
-1.0,-1.0,0.8998026641934291,-1.0,0.5334684058656477,1.0,-4.663480658974188
0.0757991411044091,0.1237970530462924,-0.3276669092226963,0.020272923104508123,1.0,-0.692641763058594,0.3559776145117376
0.866563316245035,-0.43593487983863904,0.6799526983070603,0.8692321279417645,1.0,-0.485564036182706,-1.5742483371207934
-1.0,-1.0,0.6546122233631804,0.601936647871502,0.6529364172326642,0.5990183485063401,0.5478008964899265
0.6734620757002635,0.26046988637374935,1.0,1.0,-0.5528961258923515,0.2597560971717492,-0.19710962125259068
-0.3655495948653499,0.29071368659642505,0.11086035732748162,-0.04415939419416237,-0.03441311109464229,-0.6070182382445655,0.2848704588764406
-1.0,-1.0,-1.0,-0.1661966841589959,-1.0,-0.5479255892976775,-3.9106397291178316
1.0,1.0,-0.4958549192652426,0.33087081811711544,-0.03769877805760913,-0.3531607987036613,1.6095233705604965
-0.14315941471224392,-0.896793411556122,-0.3474052815153684,-0.8459804764506487,-1.0,0.017428386648752903,2.5563139006821265
0.22828869759715942,1.0,0.9925550998767378,-0.09835458680090037,-0.3685457348536247,0.834763975394045,-1.0294279960614676
0.5871037294551823,-1.0,-1.0,-0.689198255972681,-0.22797884302777083,0.7331441076972817,0.22614570240369736
-0.6297750307976506,0.049940030162696714,0.5175525771369567,0.3591008860649981,0.8160950770407216,0.5433840253444406,0.43658831334932957
-1.0,-0.8698119267079387,-0.038377124553246655,-0.7501774229723132,-0.2208559531308144,-0.5312911914892782,0.33879138504906703
0.39356862824655336,0.7329053912582537,1.0,0.9484967770883055,-0.12373567216161063,1.0,-4.006407263903081
-0.19966763816872435,0.4842754964274145,0.5042378974009054,0.3636159290112103,0.9716383347068804,-0.3385122394575914,0.9030962710906958
0.9507740214246357,0.7773601026112507,1.0,1.0,-0.8675714661182311,0.14249779722724587,2.7615192232216925
-0.6585146458220736,-1.0,0.09881822569296682,-1.0,-1.0,-1.0,7.141997891801919
-0.7583926423632433,-1.0,-1.0,-0.1639772996101011,0.8700363607290287,0.9795618163359698,3.391576181156473
0.019729111620946482,-0.2780441781668439,-1.0,0.4654943677780434,-0.28845837156235876,-0.9799965603803562,1.4613008237107423
-0.7379676414273622,-0.9801559984630768,-0.41194000142542886,0.3726170836476894,0.49437916561517115,0.37196624817655594,0.48826898872598057
0.9131870229524957,1.0,0.4038132626762554,1.0,-1.0,-0.41002524993588574,6.121050075772209
-0.8992535491349629,0.07147278559724046,-1.0,-0.686619297576221,0.4578876968381282,-0.2623071310847883,0.13197606727439637
0.18715970039603463,1.0,0.3942243380631967,1.0,1.0,-0.281935831540877,-1.8954910718503877
-1.0,-0.9779676478394287,0.33157294819346383,-0.060502935409184944,0.32347807850697063,0.09611153154408836,1.4308492170688183
0.5306712638591267,1.0,0.48688578329173127,0.9235822693535298,0.041960188802714904,-1.0,1.9131392295048963
-0.6909873636654976,-1.0,-1.0,0.6196632608017564,-1.0,-1.0,-1.4585347428864923
0.20110823764657376,-0.09374758932046312,-0.9691900783811322,-1.0,1.0,-0.7353871010849318,-0.7151017825261908
-1.0,0.775433724157358,-0.16258935554675147,-0.8272135911540549,0.40702814685170624,0.13330321625493324,0.8672043490098729
-1.0,-1.0,-1.0,-1.0,-0.07095340852642071,-0.7329854140605112,-1.7347190981115124
0.22528145138683042,0.06472385889715127,-1.0,0.16944042808295307,1.0,0.5871267263032222,1.419741684567454
0.02610763485996892,1.0,1.0,1.0,-1.0,-1.0,1.896724326522784
-0.25213014712625403,-1.0,-1.0,-1.0,0.050004043734012404,0.724144840265736,-2.6132703342667902
-0.5308244483913506,0.32317058795650394,0.7806570614105287,0.7767709988132527,0.34382367386739743,1.0,-0.2702431466878831
-0.559121632026359,-0.172503329065681,-0.39342285241379416,-1.0,-0.3753745258423575,0.9709540881105021,2.0673347950096526
-1.0,-1.0,-1.0,-1.0,0.371036884400352,0.24523729815033735,-7.456727136401817
0.29061642131709947,-0.05721051088512347,-1.0,-0.4420321899773727,0.5118731233038754,1.0,4.942010259542369
-0.9838307662041261,-1.0,-1.0,-0.1280491396126533,0.01759634353484163,0.7679603057958013,-0.6158222775121102
-1.0,-1.0,-1.0,-1.0,0.5038521433808107,0.5325924699892319,-7.255553056898066
-0.936052354470327,-1.0,-0.2673431958945673,-0.06442053549339521,0.5215798968712672,-0.5027310751600678,1.3174885985551805
0.8325098863412648,-0.17270240018094277,0.8525533297367776,1.0,-0.09261348718905849,0.33581988951055086,-0.7713979467850909
-0.37668087210554746,0.4080095630546331,-0.545100846234402,1.0,-1.0,-1.0,0.39397795366979804
0.09482031466962937,-0.18772517505111552,-0.2641920162119612,-0.5853626177242788,-0.9734877398942002,1.0,5.283413738009389
0.723019980012781,0.5094097380303391,-0.002505221715550454,0.4187242816349901,0.74281616406277,-0.8811537645215685,0.5360103602045526
1.0,0.6840999153188365,1.0,0.8581604720144178,0.04167209683514461,0.49951631863729173,-2.289431286190485
-0.7417715335559947,0.7929124514985596,0.47757245621282074,1.0,-0.13301488164620734,1.0,-3.0027915705192942
-0.33169875602988275,-0.5713083783522319,0.12469367145950702,-0.7415698797443073,-0.120687952196599,0.3007907810454776,-0.7978185115492813
0.20226163341977008,-0.5090476669258087,-0.3846634717662797,1.0,0.6951049197663183,-0.31293063362256657,-1.3800492379700593
0.6953170602473445,0.23440594817608257,0.9379627519521176,1.0,-0.13432450299728543,-1.0,3.0822561242830173
0.2057346054860021,-0.21141260038955303,0.9698065453610453,1.0,-0.20531145397107325,-0.18925005865765987,-0.8616752916246089
-0.0857505831781874,-0.007582045107509455,-1.0,-1.0,-1.0,-0.37382215734680646,-0.2722025498322046
-0.46809102723414603,-0.14211330699374863,0.22708046157234604,0.10178049256904392,1.0,0.9614919307001784,4.4446589096769245
1.0,1.0,0.4758871532544814,1.0,-1.0,0.46960462911434264,4.15837342354456
0.14746511168661902,0.7172753207628548,0.6574504339016123,1.0,-0.961578311448635,0.6702905496726226,0.49974425884632206
0.16350037314813237,0.8858589205941808,1.0,1.0,-1.0,0.0928977918357522,-0.7588977988286967
1.0,0.4480543891241051,1.0,0.5385691344069059,-0.2574368801122851,-0.40888753065760053,2.845651439894504
0.18506902073776205,-0.7652713480470481,-0.029847933312436598,0.020024622609768783,-0.7508483876253156,0.08924198486201318,-0.03787492270053294
1.0,0.47932836457145267,1.0,0.04105462652364433,0.38150711583991714,0.33403642601053285,-2.5996475932051712
1.0,1.0,-0.34844828240078435,0.6524956266301003,0.26249526696722913,0.3330670402228231,0.7316534803176156
0.5976290582141031,0.6551435715225224,0.3377395206778493,-0.5867912386973171,-1.0,-0.25725398196222443,2.7094375338115215
1.0,0.39301209003283977,1.0,1.0,-1.0,-1.0,8.494538670229847
0.13835039792668502,1.0,-0.00643387862744238,-0.015489185487324253,-0.5274388349960606,-0.458481204787587,-0.2230746689467077
0.9788153938902354,1.0,0.9867800849420816,1.0,0.6576120580028079,1.0,-9.518653589274672
-0.49559547147516414,-1.0,-0.025813233110727696,-0.24939903883909273,-0.5123010395104383,-0.9326277636657465,2.615308982405775
1.0,1.0,0.8339058931955092,0.5865258372315549,-0.5209568385916482,-0.22116221360450905,1.510241325620732
1.0,1.0,0.4064380985425263,1.0,-0.9900238004540043,-1.0,10.543930175240405
1.0,0.05838398540640388,0.25226514657430843,0.10604086972695659,-0.08631491176080416,-0.22890392478430988,0.8673838533974452
-0.810354467077106,-0.4872941233804691,0.6006092630505118,0.7743972977117745,-1.0,0.2567444346325176,-1.869094061536241
-1.0,-0.39543104973446264,-0.8848315485142657,-1.0,-0.656848363474401,-0.2685362934976522,-1.9826902867180967
-0.7107189984732244,-0.624277616702577,0.0403400368213464,-0.1374150949981428,-1.0,-0.5380160897579993,-0.0846152626819216
0.8524966013693877,-0.82761627821982,0.29717901015530684,-1.0,-0.023875384502270447,-0.14204367192617706,1.6962437101351788
-0.05279440675894209,-0.0257661191550016,-0.5284637985104341,-0.9600665418707999,0.4282736954790006,1.0,3.1130127961207728
0.42812835464323085,0.26357416224221863,-0.4604625688493656,0.1173491127539597,1.0,1.0,3.7857281847335758
-0.8420933890821299,-0.43390366126710284,0.20776022902746327,0.7188179767356643,1.0,1.0,6.014426799939091
0.11827652075413109,-0.38104943034256444,0.042891792091272696,-0.6127056021144195,0.061129004772636414,-0.6479234665186369,1.6988474819625936
-1.0,-1.0,-0.7846066794098137,-0.12623906014296404,0.13568041241702733,-0.9175098847025843,2.703390176939014
1.0,1.0,0.5549917178298418,0.8078290852729948,-0.22637879022766183,-0.2652651002469717,1.7643906106346123
0.10712374213027287,1.0,1.0,1.0,0.2806739702042128,-0.4946769816916592,-3.4540542536562597
-1.0,-1.0,-0.620395803416214,-0.8220944709702169,-1.0,-1.0,3.368062174765576
0.7384777603466357,-1.0,-1.0,-1.0,-1.0,-0.5519637850349336,8.384736035971402
0.6917622473770211,-0.3793693933154938,-0.6045939128190316,-0.5845119779606355,0.9724888588148299,-1.0,-0.10662778016252566
-0.7158537828066674,-1.0,-1.0,0.019543123277701913,-1.0,-0.8179518872845462,-1.998475309825119
0.6965330378332799,-0.2633067118322062,0.24219779960852417,-0.31033494526177235,-0.1759432851684608,-0.11893857946775596,0.7455675913864572
-0.6511962783190323,-0.02740935664373456,0.6753508137411759,-0.735380678495334,0.09197523254982087,-0.6551671699412172,1.4904231220941835
0.5748178342954873,0.8049781458343347,-0.5741075470071861,1.0,0.6580132400808768,0.18819475407512987,-0.6698929890947479
0.4427650446008585,-0.6844782135643166,1.0,0.6687012373214593,-0.14963058239921279,-0.39964554588076673,1.134367201913438
0.7150886853824601,-0.06327184121331042,0.9671493158573444,1.0,-0.6152068392751544,-1.0,4.615401813169466
-1.0,-0.7595663313971175,-0.5393536348669262,-1.0,-1.0,-0.2905518474582962,0.8395152496175191
0.20182358438411496,1.0,-0.2568109135414931,0.2844016203470353,-0.6501421409130533,-0.41510241404498005,0.8524554513154492
0.9390849688748857,1.0,0.7727344845232889,0.5990649132869932,0.38049000631955776,0.25299838443410005,-3.694935501868445
1.0,1.0,-0.04618668339422516,0.55000525324091,1.0,0.974864115659174,1.45555556291232
0.5463674552791036,-0.09572955019437446,-0.6047924982650834,-0.9014585510359061,0.9377228674066628,-0.011831884437258466,-0.5526858000286724
-0.6695833024693096,-0.9059048839872778,-1.0,-1.0,1.0,0.8221650718118337,-1.8441825755774668
-1.0,0.3060633546955883,0.47787868703035963,-0.11773812149576723,-0.540894041252533,-1.0,0.7928214854884335
-1.0,-0.9062748375602854,0.5893831855590532,0.2919534348982561,-1.0,-1.0,0.9585067639232826
0.8356227252107756,1.0,0.4504954367776466,-0.16236270211643242,-0.6695768681838044,-0.12517247793276565,0.6725972168644021
0.08900249470295774,0.42662396343352205,-1.0,0.1782284870806064,-0.22149912466608068,-1.0,2.1569365999425276
-0.8948542497135495,-1.0,0.4849350364297704,-1.0,0.766444267268673,0.06740740467554418,1.3375838300381215
-0.34725615350133143,-0.8093519808735493,-1.0,-0.06666199884440815,0.5535137349515011,1.0,5.399943450749019
-1.0,-0.05851882813130205,-0.2695006699058966,-0.6003961493215341,1.0,1.0,5.694736606586197
-1.0,-1.0,-0.44467146604955227,-1.0,0.20724999671553224,0.31549337861230675,-4.644147090329315
-0.23122880321042505,0.7882925989334693,1.0,0.06903693211329309,-1.0,-0.11564804954919161,-2.8799919832219265
0.20561816104070307,1.0,1.0,-0.7711917074466743,0.07721862379702671,-1.0,-4.176936431347523
-0.3494012261295907,-1.0,-0.144498964823802,-0.7931930427902238,-0.38375093549172545,0.8109330234171781,-0.8533733278217427
1.0,0.582362663368595,0.014039554671149368,1.0,-0.11482789976685129,-1.0,6.681367820439018
-0.9723529492606957,-0.3134997626216849,-1.0,-0.35785330529590087,-1.0,-1.0,1.6135381588180406
0.19248581449323382,0.7070267412799056,-0.8173149160882813,-0.12548527860554426,-1.0,-0.35729619623652376,-0.7296638739016148
-0.4745062747562836,-0.86363383224211,-0.7065454392451282,-0.628667924556733,0.5401376791790108,-0.03112257162354143,-1.3616886232431686
-0.36993424639272376,-0.9414385318618048,1.0,-0.5322564197425339,-0.9286537100172659,0.4902029290615878,-0.7014360730839113
1.0,0.9027597762027642,0.41756326735178817,0.9756835576805608,-0.40134126978038787,1.0,2.4525279190400875
0.507659179312923,0.575070060765426,0.45326043803668736,1.0,0.05862931397102977,0.7416425981187051,-0.19890645867702184
-1.0,-0.6896949944092456,0.017117108407130877,-0.6064374989425034,-0.525551749896848,-0.3432146453560516,-0.5178878378537204
-0.47097380531727606,0.5988438530244067,0.06994260732411883,0.7457743459682327,0.5920748086313945,1.0,3.458600054922133
-1.0,-0.027159917856434124,-1.0,-1.0,0.7377401433657501,0.6144052285055503,2.422959636509522
0.9876892083186923,1.0,1.0,0.509899449098227,-0.36226169553646337,0.5971503954600045,-1.9978793067843301
-0.8487177476587757,-0.8939851813262621,-1.0,-1.0,-1.0,-1.0,5.136322072213519
0.03387113757129678,1.0,0.9287787031232468,0.6489273027716032,-0.23340040191071654,0.01951167899325923,-1.5763824497524657
0.9509998275488599,-0.4298986522542887,-0.6012830222191934,0.4443590326792317,0.623374822711725,-0.7755792858788656,-0.1312583337442802
0.9893339227894473,1.0,0.5781746518368591,0.16357080640709576,-0.9773709223792506,-0.3274661113052285,2.128016157130509
0.8412763899861874,-0.6594098370972005,-0.33511664507065286,0.4370464465746854,1.0,-0.21442377350708147,-1.6942956762404908
0.9972255947696234,-1.0,-0.05848365458358643,-0.5497291502379282,1.0,1.0,-2.6170858955537177
-1.0,-1.0,-0.1548022228149063,-0.9638799426771824,-1.0,-0.03611210724378022,2.2041162998136885
0.8496440095637101,1.0,1.0,0.643433607717715,1.0,1.0,-7.022912104666504
0.06778847776790209,0.7231210630616427,-0.2984092768966754,0.13870111505202365,-0.9347292755278761,-0.68640787899495,0.8702089039240114
0.2120053832203978,-0.1508123101771005,0.3002009213524812,0.5310746755742298,-0.8776722251885205,0.33976323358858757,0.49722580689186074
-0.4259643683519462,0.37483536574144655,-0.29854574520509347,-1.0,0.4737638647034885,1.0,4.827459440583496
-0.4064151801599899,1.0,1.0,0.07692566045896765,0.17972137718453962,0.346649903633032,-2.914331706070644
-0.6426679502170027,-1.0,-0.3707865627101743,-1.0,0.7014396256409751,0.6808918803243444,-1.7657955418810183
0.431840972181885,0.2675417243637147,0.11568458797709702,-1.0,-0.9457544694579177,0.7407488194608409,5.22801021345429
-0.5785630788266298,-1.0,-1.0,-0.9103373890296884,1.0,0.8347136314369963,-2.003439706434325
-0.17664572184691985,-1.0,-1.0,-0.8113089676403633,-0.6036675093715884,1.0,3.045058748885634
0.4752135714480695,0.14409243371407066,0.160211077439175,-1.0,-0.45106081652582203,0.06907020491867277,1.0621332757666875
-0.824188579103759,0.810527960866632,0.2935210160890951,0.42503895103167044,1.0,-0.5309354602132449,3.3888681253730413
-1.0,-1.0,-1.0,1.0,0.28720129113244774,-0.7479356397221855,-2.758625192679453
0.7169937030489024,-0.6629840428334648,0.12789690433026601,-0.1669865891899911,-1.0,-0.11663018993793783,2.5949159288144568
0.7215614289523193,-0.5270879227681893,-0.12036774215082854,1.0,1.0,0.7795274351494037,1.6844295990746003
0.8518963164863688,-0.3456377331879954,-1.0,-1.0,-0.5130572735406773,1.0,6.346820832834323
0.26061323203648623,0.026704161323744424,-0.34060552431684343,0.5660957060416066,-0.3899562749252758,0.4777537469597953,0.44208038882223477
0.5108610259364759,0.8100208619319247,-0.8165342770540287,1.0,-1.0,-1.0,6.1288022534717745
-1.0,0.09526318665205563,-0.1397718409151959,-0.09801685817268196,-1.0,-1.0,-2.640501618212566
-1.0,-0.13616203856197984,-0.2909215533806387,-0.3309113572269441,0.2654800625970217,0.8618384938804067,0.7113988395204947
-0.9136475613134585,-1.0,-0.5094197898425636,-0.5802204549450014,0.4630905745993408,1.0,0.4681857983680445
-0.8086901934160953,0.6174133434817,-1.0,-1.0,1.0,0.9704204768215794,12.88080436937058
0.1509955015940141,0.608083287994338,-1.0,-0.12117177031595622,0.7534527303210805,-0.2613273102595923,-0.16524944499990724
1.0,-0.08725381395742288,1.0,0.6596310274512119,-0.8371593101947807,-0.09101557826980788,5.010215556162749
0.989735939052791,0.2287756868737716,1.0,1.0,0.5198638944681911,0.2549192872299971,-3.2584706966611905
0.13673511186817455,0.9235055609371405,1.0,1.0,-1.0,-1.0,2.0177866786325453
1.0,1.0,0.9914282663015404,1.0,-1.0,-0.38216884311639704,6.028511701916749
0.46958101686082454,0.18796726545097814,0.7009101972410428,-0.07840894917966185,-0.5745428253447025,1.0,2.96486860554113
-1.0,-0.559549325177835,-0.2742219740573407,-1.0,-0.5408200028412751,-0.878767979574009,2.566830505076458
0.4786017626521393,0.0774037450080518,-0.4631277949858561,1.0,-1.0,0.04731199670058628,0.29715285950359327
0.7279827425741389,0.7288053127863036,-0.6809887910631092,0.507774696703532,-0.4294351538369924,-0.1009534299057776,2.0349204676101014
-0.2122695040188347,-0.3525035362751403,-1.0,0.24841255945259139,-0.4905320829251869,-0.06670479809569496,-1.3428837787972616
-1.0,-0.7422096861293712,-1.0,-0.5995664409967468,-1.0,-0.6195780904640413,-1.0683323211300517
-0.3448341819458694,1.0,1.0,0.6954859862584046,-1.0,-0.32823614429097103,-2.1485706326380734
1.0,0.9984701525416546,0.8380083197621395,0.8036213801214664,-0.48210027596879756,-0.6863434940900733,3.8056130412080336
1.0,1.0,0.8063476704054428,1.0,0.8673352047019148,0.08533104581277434,-6.435510695505907
0.8165520965564841,-0.793878764544649,-0.44368887707012566,0.2103377083179222,1.0,0.0165167286193999,-2.6218812226489545
0.36905230030538466,0.8334175448689213,1.0,0.3343212818030194,1.0,1.0,-2.063686584064761
-0.054867554742833,0.13447805551866776,-0.4953240557144527,-1.0,-1.0,0.2593944467605982,2.1539942795997455
0.998324478868809,0.5453780667586428,0.31033342162831523,0.8541991902187368,1.0,0.0223255702326568,-2.754209603841044
0.6594152214407978,-0.35018665245771063,0.912323141330718,0.345514184298874,1.0,-1.0,-1.5407594818867025
1.0,0.8661947645678472,0.18845266102899427,1.0,-0.5956913027359496,-0.7260132232002383,6.615587104123921
-0.07754969285770441,1.0,0.2594945166886845,-0.7174570913453154,-0.8316769247768974,-1.0,-0.3767639488506928
1.0,-0.4528029122512259,0.677560961331614,0.15523731842644145,-0.6782582450240595,-1.0,7.359733526572854
1.0,1.0,0.4882959582457598,0.6096618861031765,-1.0,-1.0,8.13580704548664
-0.49655978412154544,-1.0,-1.0,-0.6733822838312977,0.054074624489472256,0.9941220642215384,1.1695996797704031
0.5854892826863805,0.24624194392433973,1.0,1.0,0.6045755034523068,-1.0,-0.7500191590321077
1.0,-0.43440643346387614,0.003920525417849818,0.7558905361013526,-0.3465003608043693,-0.3902850388326092,2.423178164118734
-0.14041241898652024,0.6918884807480241,0.04856549070584826,0.21287876836421443,-0.4515242282083331,-1.0,1.9370091608078708
0.9139711471790859,0.25576909737095443,-0.14732745908001244,-0.7803136963242937,1.0,-1.0,0.5525598792688842
1.0,0.06325353435545344,1.0,0.07498368839801084,-0.7775410117725472,0.9608713225847683,2.248468400434136
0.2656691164127298,-0.9567294658213021,0.8122342342030798,-0.6713519451844032,1.0,0.8561085312425243,-2.6192483914718836
-1.0,0.7219390928410154,-0.03018776324896333,1.0,0.017287116271527014,1.0,-1.8366138580749747
-1.0,-0.21785710878464754,-1.0,-1.0,-1.0,-1.0,2.4060593506361756
-0.6098854043040705,-0.5518638275845223,-1.0,0.9520781198592159,0.304135411044365,-0.019757413771053,-1.7464153107427052
0.9893569367128248,0.2914327881967796,-1.0,-0.3252950822047261,0.11614343972249308,-0.5677311354675045,0.09798778668773256
1.0,1.0,1.0,0.6243333522956049,0.3985092206047687,0.7291395999589227,-5.939212269255519
1.0,0.07339821145182823,0.9605530735190815,0.9894226078338358,0.11223968632128473,-0.09621057154440427,-0.9824773060072935
0.09037247198639853,0.14771206388748603,1.0,0.3861652355325116,-1.0,0.2679637348282853,-1.51536720842989
-0.011369549785381239,-0.6981718796653767,-0.9144600814536996,0.509813971601608,-0.26128047298666396,-0.5782298335010997,-0.8994994282111394
-0.49639653497997893,-0.21327753236171246,-0.009785723858107248,-1.0,-0.5475285830544319,-1.0,1.8032367373432567
-0.9520525828534063,-1.0,-0.38257905129677694,-1.0,-1.0,-0.1700873117174706,2.2207910817650554
0.2770335446647354,0.9306645792226744,0.6639108283463624,1.0,0.8135872729818978,0.07277584825662753,-3.5738772500853835
-0.5097828902985585,-0.9378394192997688,-0.4341387664125922,-1.0,-0.05201829524115009,-0.18103318206159152,-0.626791904631336
-0.2959841068737131,1.0,0.0033168004372992055,-0.9230108864745967,0.19089209994365808,0.5487062521906729,1.2977448317990672
-1.0,-0.24561069594478746,0.5943940589540522,-0.9233340734494867,1.0,0.6189668924966674,0.884944114248454
-1.0,-0.45071934760368015,-1.0,-1.0,1.0,0.7515572926068116,1.7732407430753598
-1.0,-0.6286893093990169,-1.0,-1.0,0.5581715364281209,0.3229108297471983,-3.7294476912838324
-1.0,-0.4865716394940237,-1.0,0.619716982642001,-1.0,-1.0,0.19695474484641867
0.3638336747614226,-1.0,-0.44909478393837904,-0.4753565980221739,-1.0,-0.6522706307504272,4.107671372326045
-0.6270912300471827,-1.0,-1.0,-1.0,-1.0,0.5630118202373997,-0.3147824683429513
-0.6624974437684246,-0.9891123523776637,-0.5940330692521143,-1.0,0.17797369678324015,0.23626608494372414,-4.243390501907327
-0.45736624060556563,-0.4204998592271496,-1.0,-1.0,1.0,0.607770212919018,1.8665088024089485
0.11208965771771984,-1.0,-0.2905413579966183,-0.21524309009908837,-0.30008292347189436,-1.0,3.240177811379353
0.7945185351110213,1.0,0.13488597504281863,1.0,0.017356482469199408,0.3828905231795603,0.2880470451925552
0.8162325918494828,0.7112127131815662,-0.263998874594115,1.0,1.0,0.004987246578254556,-1.9302757968099797
0.12343489159439475,0.7791363993273531,0.6893243779990768,1.0,-1.0,-0.03291658104674311,0.08904720599324623
0.7140412027667451,-0.5996126807311823,-0.2373849540082873,-0.03959952762103591,0.9772412313212755,0.8547905858366915,0.6056106115722697
-0.9084252523411157,-0.5502045908840767,-0.4359063705206381,-0.9931889027011513,-0.03152908747992611,1.0,0.23083699544344521
0.2730735536664288,0.01943350382179343,0.6244150416383272,-0.017295565126362877,0.30507616510470736,0.4096000627652414,-0.01226842573860537
0.20323231553604332,0.36709408743988,0.4519852563360074,0.30567451272404633,0.4598754510079596,1.0,1.3628932801440452
0.6426477481977189,0.6900207037869619,0.9417299710171927,1.0,-0.8989489525233191,-0.12637493924904397,1.4534448130775024
0.03140897369285722,0.8415419070121661,-0.2929312902991835,1.0,0.08149104987443573,0.38097745063887367,0.48253983207611956
-0.9227345904494288,0.6129834925056143,0.30421497420269233,0.23252219433488652,1.0,-0.5340510565911122,3.603022341470355
-1.0,0.22605850764598534,-0.8297911836425527,0.876753079808118,-1.0,0.20629356759700446,-3.259793609993524
0.5785146308446321,1.0,0.25463560170844857,1.0,-0.1932804698200763,-1.0,6.062099920968304
-0.9710647662707972,-0.6446704060466283,-0.2840098383560661,-0.16471507304210095,-0.6558575475026278,-0.14428491291174556,-1.8807959833986356
-0.8608368403103992,-0.11053592050601346,-0.10353142196884901,-0.6529570425531448,0.8705786356530983,1.0,4.851538092312266
-0.18336613010170927,-0.8895211814846333,0.40531164641119927,0.9598640638795816,0.7295834346978007,-0.4925344678260849,0.32190398773143947
0.5982866740910737,-0.16250637964726455,-1.0,-0.08814844971282498,1.0,-0.6604469453831971,-3.0742788703108737
1.0,0.007356395226453483,1.0,0.7668275229797328,-0.3390838519115932,0.04386749833568582,0.6807672977737091
0.09817744589012567,0.16575460193064817,0.29755574258567963,-0.012450130564115258,-0.22012049425120672,-1.0,2.8511770144158017
1.0,0.9613963612954475,-0.036820501301230685,0.014358687954704963,-0.125797321328192,1.0,4.198535922328905
0.07616581082421418,-0.28773827667935703,-0.5973551422665603,-1.0,-0.0029504212163655175,0.7368160734000324,1.306389838322047
0.7542359171684474,0.6187422644210441,0.7752492868363221,1.0,0.6293410335190137,1.0,-2.1682869182874684
-0.9680439054569979,-1.0,-0.13530864461464032,1.0,-0.20039462359122173,-0.2773884205138669,-0.9921129083779017
1.0,0.7689104128903683,0.007000571538349654,1.0,-0.09870174974275059,-1.0,7.159932456653772
0.18675687423312493,-0.3670444566704028,1.0,-0.5859415791317995,-0.2491325583322581,-0.8453661486594501,2.229818952644558
1.0,1.0,-0.13390878021104008,-0.7482541312167026,-1.0,-0.04246387113766903,6.635313915215848
1.0,0.15366796675555133,-1.0,0.20259092054414463,0.11455531224670068,1.0,3.7077510194553804
0.17410486306830242,0.15412388189777992,1.0,1.0,-0.4634037887458843,0.025020562401401714,-1.9505887552575585
-0.8155643682812787,-0.40583058171634706,0.9146448905026703,-0.24532133922437863,-0.439149666086845,-1.0,2.3375275137822467
0.5798038221581336,0.6948386553994017,1.0,1.0,-0.3914572574719126,-0.4217535027571466,0.24135393744719125
1.0,1.0,0.09114246765597289,0.3788860016479062,0.09535505237289499,0.26403413177070645,-1.079949202347602
-0.016407681606364077,0.7408256336040886,-0.7382638201474394,1.0,-0.19724803286795306,-0.9969945376206364,3.968681018986487
-0.6141372986491473,-0.2571243730363435,0.5719237728978239,0.030732164143114193,-1.0,-0.6067319288274814,-2.084378487096383
1.0,0.6409679672089494,0.1520371335162931,1.0,0.22532602873661944,1.0,2.2306228045791725
-0.8234963911457398,0.10685781753437501,-1.0,-0.9674954740125061,-0.45920427799295555,-0.34766578847699403,-1.3502249995742692
0.46598552368122903,0.23382316188555352,0.039907476897937055,0.09971749351005346,-1.0,-0.1507888830470958,1.0293680290755072
0.7990848754657651,0.81372017927746,1.0,1.0,-1.0,-1.0,6.0930639324887315
0.6479921211912278,1.0,1.0,1.0,1.0,-0.32609494449948606,-6.2191246209655695
0.03333751323514128,-0.807640015595812,-1.0,-1.0,0.683466438209162,-0.8888599734090866,1.9166223904429023
1.0,-0.18627988333612233,1.0,-0.23591757793590568,-1.0,0.06038716925603918,4.238120880636998
-0.17536593741771364,-0.41839506392586623,0.6457347427035265,1.0,-0.2571787248579165,0.37900627092395023,0.3221384561121775
1.0,0.8169856973648184,0.9108697503090725,-0.7053188878451376,0.4848277409656418,-0.9840507615701436,-0.8567607090687288
0.08903040190509837,-0.5393479522604954,0.013384826093041924,0.8956405690455188,0.37532053927586695,0.3582594140729161,-0.5401801328031545
-0.8727009400726478,0.06084694336111973,-0.24571546268609254,0.44545329357704466,-0.8650946231479878,-1.0,-0.15901357433509
-0.6061238272050715,-0.913385989729641,0.7681929547969463,-0.6488360156421578,0.13431341785379347,1.0,-1.5125203005015793
1.0,-0.3139582000675867,-1.0,-0.5151364471314421,1.0,-0.3829066855302496,-4.504118051334352
-0.9534781856475798,-1.0,-1.0,-0.6308735882024546,-0.10321013836879744,-0.14288944987150443,-4.9878996226696
-0.9350602833202866,0.5625097730341957,-0.17296506310208778,-0.3023858862689596,-1.0,-0.5295747477991557,-1.9781581650110487
0.34307100848222855,0.6492275434701966,1.0,-0.4873948628733685,0.49988743256536483,0.5085240331680583,-1.4388152595614254
0.07901099803874256,0.1046296303039349,-0.5973113320435341,0.45367292676560433,1.0,0.4216641291151934,0.5675962596891339
-1.0,-0.25100598689030895,-0.35992607916344294,-0.8587573842421953,0.7541675598487889,0.2205064444061428,2.4125946819949537
-0.19424185404315156,0.5349631243200069,0.9449732832064903,-0.7029967867020024,-0.778283148235688,-0.931552855984484,-0.9993822818091735
0.2899818205709369,-0.3638958084365306,0.8614675966997175,-0.16578221163580809,-1.0,-1.0,3.916430040671544
1.0,0.2627744820883345,-0.12471452840822861,1.0,-0.4264818362382016,0.16643181600827245,1.6148354237979317
-0.48080969676673846,-1.0,-0.7230999088281238,-0.546421974233735,0.1225398895894525,0.33442380619454604,-2.5145426924783636
-1.0,-0.7333908018415211,-1.0,-0.3168250170121374,0.5988709613379901,0.9798408520465797,4.862748331200306
1.0,0.39441342826872827,-0.4437820026933366,0.30779596987930935,-0.3077341792495387,-0.6782792418840256,2.312839255622349
1.0,0.09241407986596939,-0.2787737329915315,-0.8887709974421899,0.09199096556930952,0.18014692213083205,-0.161146793958033
0.7373402308016439,1.0,-0.19848203888636717,0.8703180250346065,-0.550961558649475,-0.5053889921189548,4.159724467028328
-1.0,-1.0,-1.0,-1.0,-0.3894204368451196,-0.031229119911107925,-5.656474963504209
-0.4351256419991745,-0.7456868870547404,1.0,-0.3643995053799785,0.5020619952679612,0.9156906083171501,-1.7799179423326212
-0.23619101501773287,0.3926277219806868,0.8273658529850222,0.9572971353097088,1.0,1.0,1.329072329021083
1.0,0.026811915389760355,0.2738988544877514,1.0,0.050762828963655415,1.0,2.710286387071148
0.6247428763776043,-0.7011056958393986,0.6519370912674618,0.31293922635068877,0.4197455460490507,1.0,-1.2347950135092516
-1.0,-0.22281568693992138,-0.6011692738249064,-0.9244926437193053,0.12823229336735353,0.6833175015835224,1.5129054411051448
-0.9749371549257397,-0.14910234132948064,-1.0,-0.39285656612990805,0.905005914958759,-0.2145711755901858,-0.8006191310370446
-1.0,-0.5445093282407631,-1.0,-1.0,-0.38441006017471874,-1.0,4.8153567803935085
1.0,0.7799678680366576,1.0,-0.3758679252264459,-0.5525393653678561,-0.11121424880032313,2.2006319008227693
1.0,0.1330939713877073,0.32994624620656154,1.0,-0.07132355744249919,0.3922431340114523,1.212831358007349
-0.6733392374760834,0.008203573811127574,0.737979374790992,0.049703767550307115,0.6373224954715008,0.2977260435056596,0.7109670636393796
-1.0,-0.825678072671449,0.32310629866205787,-0.5462269376059279,-0.2967419977036077,-1.0,4.635760216476563
1.0,0.018446403185733082,0.4367723784151188,1.0,1.0,1.0,0.14971801539039753
-1.0,-0.5095470317604309,-0.04127893851534514,-1.0,1.0,0.4098475228034964,3.6387758162815786
-0.35236895883052477,-0.42919154377238306,-0.0157786523918515,0.6564986486118005,-0.47413504800295114,-0.2997873351633498,0.4083115865281282
-0.7868720072539584,-0.2841843084719886,0.1310385759841423,-0.2549427287793743,1.0,0.13637348074487698,2.7326753493036637
-0.5500213436598085,-0.158670035796599,-0.08832082687640266,-0.7643805355358221,-0.12300245042431529,-0.5593968057983372,0.4646034466930733
-1.0,-1.0,-0.12939947312933686,-1.0,0.22257637066768282,1.0,-2.6524911964499696
1.0,-0.0859334675921902,0.31479918574988786,1.0,-0.09773146827299584,-0.08403961289682649,1.1426572847465655
-0.3960205740399147,0.0851471075909318,-0.6122123429197366,0.17965257255698885,1.0,-0.2088211200893012,-0.2719315127920137
0.710936985278856,-0.7545562130239456,-0.27152066930177576,-0.7163255648062596,-1.0,-0.9576312594447027,7.8744393460845785
1.0,1.0,0.2899607147892902,0.33822434512434496,-0.9473318603635418,0.07117372508228215,3.073945886976107
0.00019943826571966472,-1.0,1.0,0.18811238043047618,0.4032735221094962,-0.7086276117311394,3.685897576085422
1.0,1.0,1.0,0.44244624029076407,0.973771976110003,-0.09094746926619868,-5.457732165079936
-0.3172596459861384,-0.430369924971441,0.1640772316983064,-0.4595268087266684,-0.8351887968982422,0.884838729863478,0.6375132988228835
0.6995761989710539,0.38328582035936953,0.42484632939203437,1.0,-0.5309808307480388,-0.28098078361033574,2.4899416509101995
-0.407366292831904,-0.5569639600282079,-0.3580555735782226,0.019717490961023872,1.0,0.1632018913534245,0.37955731775080503
-0.06646141546009046,-0.8657523284552631,0.4500605895071553,-0.4898393662683923,0.6510063279756322,1.0,-0.21388578786946644
0.023111337718174196,0.548512243817451,0.8422629941195745,0.7172026926097737,0.35179966092898773,0.8941860666049619,-0.07602579412396149
-0.9636824142599396,-0.08669528775501001,-1.0,-1.0,1.0,0.8340787138232051,4.995355112416263
-0.7337964105108936,0.6939068985774361,0.7738917447863414,-0.10479011581697528,-1.0,1.0,-1.6066078746999117
-1.0,-0.33047960323163417,-0.516216405048609,-1.0,-0.22750485294740685,0.060313782467963484,-1.149375285033091
1.0,-1.0,0.6837622273309459,0.23737835413302588,1.0,0.47777828240944303,-3.113539751587692
-0.2777853542575015,-0.5854120229502059,0.46143122135305903,-1.0,0.6092694340274565,0.4792287647115593,-0.451232363562717
-0.18040836835466356,1.0,-0.29677677197100294,1.0,-0.2521864890181487,-0.6114096022472653,1.7650541173851735
-0.43287748451549735,-0.3631883484573459,-1.0,-1.0,1.0,0.811870921612603,3.3447844476699835
-0.037261232259691635,-0.6723230975009469,-1.0,0.5883972070640215,-0.3387069776031289,-0.008717200305338624,-1.7724677231678343
0.7581975640038441,0.5812208406779343,-1.0,0.9216924759501746,0.5729113746995241,-1.0,-0.40267398854321645
-0.5455853713637577,0.9527199634558552,0.5254692028939023,0.8386343786177061,-0.13393996515724416,-0.6079222999483178,-0.7881051613896215
-1.0,-0.9076258620398485,-1.0,-0.23075843885258096,-0.559733843251263,-1.0,3.0758365236631326
-1.0,-0.007577033679202649,-0.5763042579961829,-0.589027333221125,0.6561821219229322,-0.5157888882661373,1.7858428041409127
-1.0,1.0,0.14720106411866637,0.5982394406178613,1.0,-0.6173694803048475,2.600357710553725
-0.06283524905953392,0.36585665019877117,0.0008848212727676774,-0.08097009894260707,-0.9086965344075251,0.6728012078006728,1.0014425237129132
-0.3667492676872632,-0.9124651870174016,-0.9043302056296216,0.9092301640743988,-0.9806534876980769,-0.7736462230655825,-2.5621915509371007
-0.931355659159786,-0.3420625470484202,-0.6754266544218734,-1.0,-0.39384742604879197,-0.796824533911765,2.098671184575852
1.0,0.7341283667356739,0.47977511193452377,-0.10331365689108063,0.10713895519086392,1.0,1.3992182150031176
1.0,1.0,1.0,0.9497237080750511,-0.6544794940686912,1.0,-0.27345121084113916
-1.0,-0.6200201123718294,0.4266377338853475,0.13389527713044735,-1.0,0.5540213728254473,-3.2106670146290885
0.8444806751335341,0.4277345706334898,-1.0,-1.0,-1.0,-1.0,3.8606779124338266
-0.14953233948452463,-1.0,1.0,-0.30947294311069906,-0.23214641863275065,-0.39326946507559835,4.00109363110464
-1.0,-0.24295358611015483,-0.19954692239818306,-1.0,-1.0,-0.6509876297526362,0.4482602378506767
-0.9174430745702498,0.45745211418094106,0.5670361098755907,-1.0,0.09939035473063743,0.5638144912163673,-1.0880293780759625
1.0,1.0,1.0,1.0,1.0,0.6943789049485889,-9.633540654288538
1.0,-0.029017863333163085,-0.639024128785038,0.8827911093502281,0.6056279380817415,-0.31007006711526697,-1.2796198201837317
-0.5849787049578161,-0.26237042773185526,-1.0,-0.9088027570160009,0.593240481384232,-1.0,5.099067776032558
-0.21741021639859914,-1.0,0.05940530668738553,-0.5884615070602468,0.8234598328116136,0.6109848926177339,0.15069170714785032
0.5894666912266445,0.2655365627282611,0.3760124306716446,0.3874835555326913,0.34348771805065104,1.0,1.4266232857664347
0.8990400571200218,-1.0,-0.6803641516209864,0.22878893859023886,1.0,1.0,-1.0977247498740716
0.27987993679472606,-0.5582134325676313,-1.0,0.8891953708375966,1.0,0.9407076183831016,4.527946914847649
1.0,0.38357784242222215,0.43935130687874546,1.0,-0.21581557243640592,-0.4195850930338098,2.564858736131112
1.0,0.5705689377023189,0.6278086138353658,0.038661373373219954,-0.006802344836777108,-1.0,3.9903527665066223
-0.3680639108944266,-1.0,-1.0,-1.0,0.3013339438311815,1.0,-1.096539645082682
-0.6233721365856115,-0.3909179604633686,-1.0,-1.0,-0.1929665550732575,0.7984662467764376,1.9445631875452958
-0.6874532858850895,0.7759518879732415,1.0,-0.5985515025732435,-1.0,-1.0,-4.327296633361815
1.0,0.280956105076406,1.0,0.5671376756895232,-0.1634196560020648,0.6295987511646041,-1.4942306862581134
-0.5563207060451967,-1.0,-0.7257407818973369,0.1299678943414714,0.013564968343506012,0.5782481915694235,-0.7809642132468207
1.0,1.0,-0.3080646633717896,-0.15012371586776496,0.9297567038663244,-1.0,-0.29445091811020996
1.0,1.0,0.3490858456226726,0.6201073904731682,0.16945895913766007,1.0,0.5488793204872591
0.18056262439517307,-1.0,0.12534729822425245,0.44331652642918956,1.0,0.39802025794635365,0.13542400818688954
-0.733677550741523,-1.0,0.3226385712726527,0.4946676145957172,0.6881338783125823,0.8527270814495351,2.0493464301322746
-0.552992797301072,0.2620321692489002,0.9351881263881399,0.33716211658047013,0.286650974574686,-0.21055243617531366,-0.005434487558979073
1.0,1.0,0.5058423475138418,1.0,-1.0,-0.787151548795243,9.021374485306884
1.0,0.9838602777374945,1.0,0.9673906146287388,0.878055940260528,-0.6573916434207864,-4.873970537652925
-0.03329831231918634,-0.41057478977338135,-0.1652164318292415,0.528557099762069,0.5045496514453212,1.0,3.312151766236565
0.4244416515645444,0.3190922350457157,-0.5164400199265337,-0.12465555004578588,0.24076753125977224,0.13652547207070898,0.4578878941866224
0.8300213587123056,-0.6154174864901054,-0.1084402837721018,0.7802810815339989,0.08395065593453777,-0.20538245468882338,-0.7062628642715381
-0.1753826246243242,0.38261236868856685,0.011273933793306434,-0.2567246668900806,0.04213041358245495,0.9983134801296099,3.479604347950696
1.0,-0.08608174260901914,0.6659780156531134,0.8970140671285954,0.10151925589501884,1.0,-0.2789961282522687
1.0,0.7804375723626653,1.0,0.8565984646447453,0.06826705108811772,-0.009826071774815426,-1.4229561178342442
-1.0,-1.0,-1.0,-0.7366927798512777,0.3597357167105433,1.0,-0.766433198538647
0.41020214790833465,-0.13459015073086167,-1.0,-1.0,-0.06816383691408279,0.1669608286594062,-0.6880471570562168
-0.07297937663565657,-0.6425534431581315,-0.4252908179203302,-0.10728301448729788,1.0,0.5199191938340025,0.4020703640973997
0.6724588072811428,-1.0,-0.522140866564087,-0.8739716950625038,0.7510968432773136,-0.20012455679816132,-2.4659122226191195
0.6635811589606915,0.1640914759622567,0.9176671731832902,0.9199856753556923,0.36359656335374596,0.4635143151860113,-2.033476024452897
0.45689018905840384,0.5172019738650153,1.0,0.1965404127871233,-1.0,-0.07866489001219007,-0.13570951906145312
0.4163031504609229,0.09722942661976952,1.0,1.0,-0.6315375842398558,-0.36290820576853466,-0.08066195210165245
0.26547328402748777,-1.0,-0.6114696342325289,0.8219708321695047,-0.9868560768666996,0.9196259352088507,6.249166132405904
-0.2646766045257094,-1.0,0.030849625380612977,-1.0,-1.0,-1.0,8.573298319649366
-1.0,-0.3264143265963512,0.04176160130259676,-0.6349066567100536,-1.0,-1.0,-0.31827193666336007
1.0,0.6520988697598802,0.4235000925439012,1.0,-1.0,-0.34636451535597035,4.951509021590689
-0.12189540974229218,-0.8371036364468384,0.44515613297596873,-1.0,-1.0,-0.4592884551711982,6.243519387046233
-0.7893828300789374,-1.0,-1.0,-0.6239377231156339,0.675316187969357,0.3897333636979842,-3.6088305710487285
-0.37659636548073194,-1.0,-1.0,-1.0,-0.686143657789105,-0.9951270115591166,4.0294675117596634
0.8225998536658098,-0.3237507208826831,0.408825277664254,0.4999138736928477,0.8038140031870996,-0.04768491677663034,-1.2063416471342894
-0.6011555145839994,-0.7856582794934829,-1.0,-0.2998405320996267,0.5197239717183226,-0.2430304748321485,-2.4223745644450565
0.8765818219254111,0.5464197010785525,1.0,1.0,1.0,0.6992440455820738,-6.24485240691942
-0.9084984387149668,-1.0,-0.6895254880895733,-1.0,-0.07207987348598821,-1.0,2.503520885480663
-0.7086486786243923,-0.9534742464050785,0.37478521165571566,0.17184217627598364,-0.42896300956983735,0.01645353913322528,0.11721773547439612
0.4107531169295363,-0.36572681750348096,1.0,-0.7669874626505024,0.37743861136992984,1.0,-3.551744616523113
0.01785277263374152,-0.7240306122177613,-1.0,-0.06576367667227534,-0.3973181076201161,-1.0,2.79548514307727
-1.0,-1.0,-0.4260820255067945,-1.0,-0.055037593364012816,0.7673034590183659,-3.6184773738228295
0.5858919059329994,0.030568279681642108,0.8516490377796717,0.3031277757247525,0.24694351059655373,-0.8687080266800873,1.6064512121919428
0.33469180862971526,-0.48377560589050644,0.678808841093941,0.013504830601598128,0.9483028075685915,0.766374770992323,-1.3570048675265591
-0.8097457431825694,-1.0,0.47808639687738913,-0.5608427184980198,1.0,0.14800301497816287,2.8615816464033506
0.8976158490910029,0.6863180723293087,1.0,0.2497817801781137,-1.0,-0.7730688308947051,3.808094011599992
1.0,1.0,0.0700824772045116,1.0,-1.0,-0.8921357763579869,10.262783856298665
0.1491254362406501,-0.264511083853211,-1.0,-0.7782648685781557,-0.47816079843402715,-1.0,2.6882378355263814
-0.3002531813838972,-0.6160111900510226,-1.0,0.21778935994506876,-1.0,-1.0,0.28210641647346635
-1.0,-1.0,-0.0124640563880416,-0.3446058494853872,-0.07356116044374486,0.5514831929473214,-0.7917883696613286
-1.0,0.4707192328564527,-0.5105697428951951,-0.2806327626198363,-0.7442784642549547,-0.5688213254474479,-1.7078657520671836
0.0996783706104216,0.14342349708572028,-1.0,-0.04333565828542493,-0.23147760483423108,-0.8826505849415067,1.9753550842917007
0.9320136297056483,-0.25338708256572595,0.6532503487551118,0.803941833548438,0.6226639671542125,0.13051960047259326,-1.244385595042661
-1.0,-0.03696256750743698,-0.5596640826971309,-1.0,-1.0,-1.0,0.05017614471694376
0.7109238862801434,-1.0,-0.0005294126062737603,-1.0,-0.6985136944775592,-0.319688893887625,7.040539266441632
0.17692160306287785,1.0,1.0,0.06250404867583881,-0.3637078426520711,-0.7458253901870728,-2.8150912664389836
1.0,-0.4709685696547618,1.0,-0.38114894894144147,-0.5697153360529432,-0.07692137714023584,4.443977510222716
0.45142983546614096,0.7543254644608599,-0.7125307735775808,0.28338312729127635,1.0,1.0,5.170520607320539
-0.790602046314616,0.2443793532554535,-0.6832441468250984,0.972501357602468,0.28947669437879436,-0.31092527058570985,-0.25477138123061394
-1.0,-0.5571241412139487,-1.0,-1.0,1.0,0.6779199824046749,-0.002270734303430083
0.963003475720742,1.0,1.0,0.7383261361404974,-1.0,0.8836141817232993,1.6849084152337908
-0.23848546824278694,0.453756575489388,0.6462470403244702,-0.13102855226196242,0.8235024197386702,-0.6975833931843232,1.5198822521751967
1.0,0.5228345648703916,-0.9981543712282861,-1.0,-1.0,0.3804116687584134,6.749351709705469
-1.0,-0.11324283211642949,-1.0,0.6599652907677547,0.38393042579376263,1.0,7.255511127351352
1.0,1.0,1.0,1.0,-1.0,-1.0,8.388513079805234
-0.0708370831189575,1.0,-0.19802727103523904,0.8984016384081487,-0.9638217284098088,0.7230809841325047,3.0987304260372697
0.49361835755550365,0.5695503919232365,-0.17087761661871054,0.060308213132870124,-0.012282130583391337,-1.0,2.7665004598388965
-0.05657844864563544,-1.0,-0.8099666334811071,-0.7058764172877019,-0.8877605134525591,0.0058911680944983,0.4522651505475497
0.37017644915877845,0.4065316146062623,0.1925264019004571,0.714111732036711,0.1355391930897587,0.8884658953081881,2.5640643951490194
-0.12329650960319172,0.7468311030575421,0.17908967743532933,1.0,0.133603500318899,-0.5358783229749999,0.864185521109637
0.27477003345144424,0.7222933090353103,0.6508245446688965,1.0,-0.8683889319263723,-0.4400809517758414,2.4085806083209684
-0.8516706665217679,-1.0,-1.0,-1.0,-0.28455161406348184,-0.06722480204348974,-6.174514981888679
1.0,0.4778732145681571,1.0,1.0,-0.38150599007014097,-0.4401707509409898,3.026701602352793
-0.2347968670399314,-0.9307395139673138,-1.0,-0.30427466838466977,-0.3283534022103287,-0.4075105096727565,-2.255993396397401
-0.2589761172860747,0.41619724637055067,0.47762097678336846,-0.7561755792906854,0.6808445139668251,0.5302400652153398,1.901571262813048
1.0,0.2290770051272375,0.968784615371316,1.0,0.9065554944469288,-0.2823676855169075,-3.538833964686248
-1.0,-0.37310096366390366,-0.38294599204842794,-0.10178253167202156,0.5535180314937594,0.32361377908501,1.0945115007019557
-1.0,0.6169376600658995,0.3136242310057426,0.8103258821675521,0.03582975941568872,0.2542310796925046,-0.5747603707682574
-0.42807306458462185,-1.0,-0.21930478072122814,0.1450331802235686,-0.001910578443997779,0.14391923431300202,-1.262498991888608
0.6786565090530183,0.15964264025082153,1.0,-0.15313152432616173,-0.2172441912342683,1.0,-0.4134130945977273
0.6678202368796016,1.0,1.0,1.0,-1.0,-1.0,5.135716893545707
-0.1449479165197778,0.5919780765226451,1.0,0.5672839655568067,0.30287326836944883,-0.7391239789578076,0.13044222876988507
-0.04138028824722251,-0.20955113854174168,0.9027732012696056,-0.2356610160575725,0.6125145712233604,0.02534382090128573,-1.1134361909401975
1.0,0.5341174507915645,1.0,1.0,0.7247137387633621,-0.08626602076694895,-4.452089453086581
0.08849441962227747,1.0,1.0,0.2957931398190748,-0.8997133491263178,-1.0,-0.2016148658874637
0.9090031431306133,1.0,-1.0,0.12028639813669062,-0.5702754527911713,0.3153476475037049,6.25307866664017
-0.642080592911323,0.25579396436005597,0.7104819244456917,1.0,-1.0,-1.0,0.723402186504786
-0.854841407005918,-0.8583523859229188,-1.0,-1.0,-0.41598531636586433,0.5390114691759753,-4.206454414344773
0.26653637369387473,0.5648355233218207,1.0,1.0,0.7454506236740908,0.7599177137983344,-4.0383730115450875
-1.0,0.5268278740929827,-0.33246560304077755,-0.2432930189991097,0.8117898010804411,-1.0,5.183423283639357
0.08014705902687946,-1.0,-1.0,0.5614922444324086,-1.0,0.23388880149263702,-0.7518506635891522
-0.381721458083508,-1.0,-1.0,-0.04433280245336135,-0.885044681241597,1.0,3.1003985891383534
0.59457578188949,-0.2526550078270935,-0.3721208609213682,-0.12595421216949274,-0.8164914291573437,0.1746572528437318,1.164957172094225
0.0540707768816886,0.9748871820773475,0.3509825913572835,-0.5265309068024859,-0.2745413003235667,1.0,3.602964827996457
1.0,1.0,1.0,0.33817921786916494,-0.5813649241768349,0.2328018452030689,-0.492840989777501
0.5448087554582667,0.035548410224365556,0.6591502834269531,0.20676320329502912,-1.0,-0.5483497672400592,2.5850556254175303
-0.21143417227745254,-0.510996208583478,0.8466499137803861,-0.6551059820865579,1.0,1.0,-1.1781507718818942
0.2908666743841424,-0.4415100589108487,1.0,1.0,-0.2002369450708389,-1.0,1.2013889751735431
-0.2983756677947638,1.0,1.0,1.0,0.2325969841835895,-0.7420223033416863,-3.25907663314023
1.0,-0.4270255069126779,1.0,1.0,-0.3655166554958582,-0.0324537000139794,1.826280842515303
1.0,0.7714036154701766,1.0,0.390975043400444,1.0,0.7406963856469927,-6.277324743450687
-0.195365204916439,1.0,-0.37969397209010597,0.24225148798787838,0.6174393131604357,0.058758073106993436,2.2679457181983684
0.7965060985064862,0.5723761086901689,0.5179664195956468,1.0,1.0,1.0,-0.5397999247053382
-0.8338589834476704,-1.0,-0.7748114839604652,-1.0,0.6007730538158206,0.5656641801606388,-4.164297921108846
1.0,0.6303719672839847,-0.7564352243655934,0.2576222101529174,-0.9931390605303057,-1.0,5.6907505359023265
-1.0,0.7705696869019811,-1.0,-0.8121452550516728,-0.11416349081855293,-0.3610172077938618,-0.6812071381505653
1.0,1.0,1.0,0.36747171553114644,1.0,1.0,-6.851042284281858
1.0,0.6078009346053107,1.0,1.0,0.8506164781098893,0.2322037788815915,-5.025652577237916
-0.4076243056396307,0.34487079694164474,0.30346836272482036,0.9937114800379735,0.10116884670787396,1.0,0.8496736949290498
-1.0,-0.5956893917415289,-0.5088613587904424,0.22692988845104878,1.0,0.26138947488687775,1.183723435315565
-0.3008805357248502,0.2730872036880321,0.023191167777394828,1.0,-1.0,-0.8139448191490164,1.565799212623062
1.0,0.6972613039502817,-1.0,-0.2652176684242221,-0.3314729415883868,-0.25841614189860684,1.0427294371260931
-1.0,-1.0,-0.7706380436752349,-1.0,-0.9044127024286033,-1.0,3.9596363148902403
0.4996449979152884,1.0,0.8955006825117078,0.3371776327126128,-0.01945846067315571,1.0,-2.739230944675739
0.2990498290836996,0.4814512887462147,1.0,1.0,1.0,0.721070449536478,-4.006727646594188
0.650139181711048,0.5110871219413524,-0.2109653725280971,0.3002897394512405,-0.6413162290957671,-0.05656371617786951,1.4189861971435482
-0.7357632738021508,0.5924465900238771,0.7535260714348524,0.9089810526536717,-0.9120349204617455,0.23242633725566475,-2.593672108463302
-1.0,-1.0,-0.7114128563876161,0.24012569907035952,-0.6660896247613753,0.05232066033872318,-3.690870516991829
-1.0,-1.0,0.04955799276384193,-0.6136680329771468,-1.0,-0.18787618488741176,0.47580332002418235
0.18528864764488673,0.6524116038662738,0.3008485876209696,1.0,-0.04887169611823072,-0.3110241502213209,0.5854605253553455
-0.14530937560204893,-0.8374904052930159,-1.0,-0.49114754828698026,-0.24109060458863396,1.0,3.3623895964564436
1.0,0.47548230083654586,0.4440021706565769,0.27256704036806556,-1.0,-0.32270206010233426,3.0603783604219004
-1.0,-1.0,-0.2211572635704111,0.4643329149203329,0.34682546184663865,-0.9504444433274106,3.203624205945185
-0.6895384340970829,0.3530071746962548,-0.8124556595298236,-1.0,1.0,1.0,10.308950924072022
1.0,-0.799816995145721,-0.7729125669493389,0.775719412421969,-0.2493072988290794,-0.11388466315782789,0.278724929397707
-0.9623435527484278,0.8743218842863294,0.8745169741060435,-1.0,-1.0,-1.0,-5.681599388211447
0.4762777316443213,-0.7457557493143016,-0.23003470025071504,-0.7146656914784331,-1.0,-0.9166614611050166,5.7094443326201825
-1.0,0.10101703886558006,-0.03688962456819522,0.24055267800564073,-0.39413595849081934,-1.0,0.9312464683055353
0.08927165155107294,1.0,0.26703942966830874,1.0,1.0,-0.7468117348908192,-0.5911302606904226
0.7417477679105868,1.0,-0.39747086610832505,-0.39770588176377075,0.4142144650690449,-0.2424117585022348,-0.4349091409691014
-0.06896592916181055,0.8691272114598567,1.0,1.0,0.8533933615393285,-0.5772682082663779,-4.115749473494524
0.3420378455817119,-1.0,-0.1355552296581367,-0.8470435657504467,-0.6877996346586055,0.410444076446446,2.349124387653319
-1.0,-1.0,-0.3456673611566045,-1.0,-0.16237897648538135,-1.0,4.64767664420324
0.25516767332270984,0.1184574615857645,0.007992321386063317,-0.5513340730538457,-1.0,-0.36474123411142356,0.908496470615191
-0.04933323739410503,-0.7679921186495207,0.323816941077403,-0.9878969784262204,-1.0,-0.4613699455179747,5.723439301882907
0.4257063285613476,-0.6116864962323167,0.5957599117993024,1.0,-1.0,-1.0,5.754885086937081
1.0,-0.15920361537287964,-1.0,0.8105986249795014,-1.0,-1.0,6.739467691327999
0.4245881428106152,-0.3437923023826286,0.8025607426489016,-0.6239036149978958,-0.8692834705551347,-0.4456006140934086,3.8438805538465375
1.0,0.4441749917644426,0.1589600018138408,-0.5707653840669067,1.0,0.4524419468509483,-0.5516165875532728
-0.9898556586352246,0.10556421927433357,-1.0,0.8571354255716477,0.16418607076108116,-1.0,6.063994608924674
-0.24810629162454995,-0.3355639995154106,-1.0,-0.2619938503232635,-0.30198036326382927,0.9095068735377184,4.81118139041879
-1.0,-0.9587826188126973,-0.4222670551132024,-0.8943901611694793,-0.37170037771616726,-1.0,3.595320587010721
-0.7970764951303804,-0.30393241546483196,-0.2420134496396854,0.005202383512342923,0.44337452028542906,-0.8355691944960458,3.627157701626015
1.0,0.6070530101432852,1.0,1.0,1.0,0.21131137308697764,-6.576652152928994
0.9681431306002882,0.8921524187671226,0.9977923926501515,-0.07194061511480299,-0.3114843184543553,1.0,-1.060757505425986
-1.0,-0.3068325064806541,0.4667975160730172,-1.0,-0.02040797339634426,-0.8634189333438289,2.8735145364931585
-0.3362992090697337,-0.10400159356148442,-0.019124553565682517,0.4060574547081669,0.2560733192722721,0.9885256751809458,3.169158754219724
-1.0,-0.4614142052500759,-0.5750262395681549,-0.11577783874703451,-1.0,-0.037134528488385055,-2.958723741661964
-1.0,-0.9994982293531733,-0.6799257656900981,-1.0,-0.28556364094899367,0.49019662100757566,-4.98767670336942
-1.0,-0.20049682260288798,-0.2408044054275389,-0.6724589908606118,0.04862004724694957,0.16356161413230746,-0.9964070244009212
-0.5047123628841182,1.0,-0.2984828512493959,-1.0,0.16986374482009706,0.4454809079162041,2.059612546331589
-0.12080159228074261,0.04258146357972664,-1.0,-0.13627231158085906,1.0,0.7067992336725233,3.0764667256360996
1.0,0.35632894138645654,0.8514563486049604,0.3454155571244686,1.0,0.9693305589138093,-3.4110715023249805
-0.9695673567612972,-0.6912441060808532,-1.0,-1.0,-0.15636193306307145,-0.8253627999992679,1.5515726225433046
-0.15012313711976347,-0.6264745190807625,1.0,1.0,1.0,-1.0,-0.8593349025850422
-1.0,0.17070672890037702,-1.0,-0.746175510914824,-1.0,-0.9120715479658796,-0.19937102348264862
0.7039050425883635,0.852481234711773,0.4847946587257026,-0.8269817842024458,0.035504140524731165,0.5802710206457963,0.2930654982676997
-0.40345532234523535,1.0,0.2402534312255819,-0.006756233247659615,1.0,0.9509345456839613,6.137796653656611
0.469795310369384,0.09152985618691545,-0.5957354483085724,0.6786095983975691,-0.29556111249698747,-0.8135774544079194,1.1923263294197546
-0.634132367560788,-1.0,-0.8759786869643447,-1.0,-0.8319219219841615,-0.7975037725003896,2.3803034043984734
-0.4125739105447243,0.025359049119165172,0.32006359024020453,1.0,-0.6891436768919637,1.0,0.23658801836484544
-1.0,-0.17995213103510121,-0.2106594985909862,0.3890301081527165,1.0,1.0,7.100576406644755
-1.0,-0.1243730957911422,-0.4094863961180284,-1.0,0.8260123891145728,-0.5067015816234197,4.102127284901051
0.2578372475211653,-0.1346960995915148,-0.1010389156562814,-1.0,0.7599190792215116,0.6787002335348431,1.119293966497461
-0.09797485020478966,-0.2481988624537853,-0.09992889625753842,0.24237926898160445,1.0,-0.4820807823475075,0.47829557144661433
-0.6738528224940963,-1.0,0.12330546557976013,-0.22569150746817718,1.0,-1.0,5.598213132673378
0.03156656971466687,-0.08030562262281152,-0.5050627560321752,-1.0,-1.0,-0.8182622825343482,2.2058170577731757
0.04690470342227249,1.0,0.12297974694933289,1.0,0.38055920769062734,0.8325166312854959,0.22310954572082506
1.0,-0.3795037299501086,0.5132110430793988,0.09690648497682086,-0.8297493071607307,-0.5144285818554586,5.712426146198712
0.23900116606959426,0.9953530248097073,-0.9310705703436676,1.0,0.32582550148601647,0.40018937644102875,0.8037585672828083
-0.9014776591302999,-1.0,-0.8942191297593062,-1.0,-0.030438584510261046,-0.9710257837075962,1.9935873304958371
-0.4144710821054234,-1.0,0.4287364415380428,-0.5799739119303443,-0.6776499331047582,-0.6666558039204906,3.696925910355547
0.39712474829282873,-0.27862340524415585,0.47566368052203534,0.15926368218851783,1.0,0.007423652959987592,-0.7667936217473679
1.0,1.0,0.6087634900300221,0.5004864919288816,-1.0,-1.0,7.108041022904761
0.981046600313642,1.0,0.39058306543031107,1.0,0.08596577867768279,0.16496791641675967,-1.389537127910957
0.6482430943364631,0.5688972911100996,-0.14632521567685508,-0.26084704280316323,-0.6524213236635563,-1.0,4.531179059819743
0.7230017328937984,-0.2564842967429868,-0.27554131769006135,-0.203813581494397,-1.0,0.3751253958615499,2.6812507930829104
1.0,0.4756196335875115,0.5493402815008581,0.45420941997576036,-1.0,-0.05313319620934931,2.5880779809747745
0.6090542036703351,-0.19886677106505157,-0.11662159394043936,-1.0,-0.638892054053412,-0.27094790653204726,2.5696264171410665
0.43346994721046267,-0.5533626417964863,1.0,-0.6354519978932593,-0.5776828691427098,-0.8976217118224242,4.472369827325797
1.0,0.2644124607679794,1.0,0.43056650269592545,0.605781163006637,-0.14898972804635435,-1.667672288379467
1.0,0.9670576841616378,1.0,1.0,0.2642634154008723,1.0,-7.030164804148734
-0.8891860216369047,-1.0,-0.8071370680841415,-1.0,-1.0,0.1230048539464107,-1.29895655012757
-0.33537146691249264,0.040287172423948636,-1.0,-1.0,-1.0,-0.7612435858030836,-0.673415479689484
1.0,0.7945571102137066,0.25084682301200134,0.3086310646662229,1.0,0.6836414818780019,-1.4012871395872069
-0.36993393195961977,-0.022472801900670886,0.6786592571107524,-0.37938335009323343,0.3306976044834459,-0.6624705272945133,2.099109238997177
-1.0,-1.0,-1.0,-0.0747868451450937,0.3114639844912945,1.0,3.397649505335584
-0.8827592178373176,-1.0,-0.05436570132580132,-0.2584077588245406,0.5389044153705574,-0.6826499899827174,2.963891004051365
-1.0,-1.0,-1.0,-1.0,1.0,0.631107255955881,-5.8078696744047695
0.30888928928682813,-0.7374517921856159,0.07135405258332356,-1.0,-0.6012675494089934,0.12757418189429415,1.478466410941493
0.663472444002947,-0.7480663162867577,0.6039086842587491,-0.1509071783811139,-0.3936338140331428,-1.0,7.540709220024152
0.49842629047053366,0.3965976219912928,0.14288072230077747,-0.2878585968204492,0.6779190150734808,0.47996146311060295,0.12436583400603371
1.0,1.0,0.7639283505504244,1.0,0.7010675687704844,-0.12384770378249825,-4.508550002488499
-0.33878759328501207,-1.0,0.22414634155078095,0.1813475045327309,-0.07828053625645448,-0.23386811033550503,1.3560770447223705
1.0,0.23029074117911952,-0.5833931022469115,-0.5413282997389419,0.2961155591849902,1.0,1.6045899754015194
0.7658475853742003,-1.0,0.03477888643414359,0.2574056740428368,-0.9318311548317735,-0.23776543829140562,2.9790460759918282
-0.8704067224450611,-1.0,-1.0,-1.0,-1.0,-0.7034744025868125,1.5434317418572778
0.6186072099267605,1.0,1.0,0.9665089268191185,-0.36266683965457924,-0.5108935308640173,0.8015084910992882
-0.6871072198188015,-0.9003374299451381,-0.7095866478051471,-0.4795447267649411,1.0,-0.9226915576097046,3.1196945368367297
-0.1387238447025647,-0.504707701948087,-0.03073511607559376,-1.0,-1.0,-0.6966461416361154,4.152905881177241
0.5172017400677069,1.0,0.4953931564915686,1.0,0.8407223045395575,0.03591325926367017,-3.5557566106359486
1.0,1.0,0.4087533841847011,0.9476821589275986,0.058285374822947544,-0.3791087269501478,1.4159201675532351
0.6233490818345284,-0.2736748771259038,-0.8779276922787607,-0.4844572253199194,1.0,0.5103615644107484,-1.6547987266421398
-1.0,-0.04162337205780653,-0.3593446564715137,-0.38867880267844307,-0.9016637722006302,-0.6613222784702514,-1.545286319114179
-1.0,-0.25553754154588904,-1.0,-0.2555684945530001,-0.6474700183606569,0.1435850966789827,-2.1868091971012387
-0.18691161924419641,-0.5629958604334309,0.07132662231836795,-0.5949670839065897,-0.2797259325850212,-1.0,5.085648757974429
-0.817416613707262,-0.8601630979903032,-0.7967991521600093,0.6976124563339943,1.0,-0.3266254249692653,-1.9052143350298294
-1.0,-1.0,-0.32771251690824665,-0.5506367598578683,-0.7118567319429886,-0.7126637551706598,1.0346948790942725
-0.4901292562531274,-0.2766042357151293,-0.5719794594362859,-0.47717381083529475,-0.00499184467444036,-0.4373794551371579,0.2635763109211877
-1.0,-1.0,-0.7380335370153714,0.15553164400136688,-1.0,-1.0,-1.465638405761858
-0.1534885040954579,-1.0,-1.0,-1.0,-1.0,-0.37276646656923007,1.726588190216711
0.3070700325296246,-0.37441222559137394,0.18991256552855618,-0.9725950743821217,-0.2674673606658647,0.32825162252396933,0.4862526937870666
-1.0,-1.0,-1.0,-1.0,-1.0,-0.7235777364748428,2.3428317932426928
-0.06731957270988631,-0.625290835636819,-1.0,-1.0,0.15495746418785017,-0.6259112373369614,0.13839274230338278
0.623710870760248,-0.13594398342942426,-0.43606772491451107,1.0,-0.5637950806734234,-1.0,3.186069103289357
-0.8680060391441271,-0.27534495531713643,-1.0,0.6992258113931822,-0.7259416858222993,-0.5459375712066536,-1.8266421441192826
-0.6553838806675507,-0.28444884331649545,0.1930079690912867,0.40384382283155523,0.6711691436100828,1.0,3.2907044794856923
-0.3053416453303581,0.4456641659781245,1.0,-0.30477385331568163,-0.25550631374857935,-1.0,1.172514177166138
0.7665533555921265,0.4139775305840161,0.22058329189001302,-0.6959238629332694,-1.0,-1.0,5.319384165683623
-0.6163452997920393,0.31636084257531877,-0.009834590327032988,-0.5448794613526879,0.8512605991139348,-0.8131473699867097,2.2134094394988324
-0.16792311468648047,-1.0,0.2370995492686634,-0.21542541597311993,1.0,-0.1005184796471859,2.2426421482751375
1.0,-0.11499146366175739,1.0,1.0,-0.540986616822029,0.04141991346419745,2.681338260782839
-0.5836986168787193,0.17001187546781682,1.0,-0.43480611283879955,-1.0,-1.0,-2.0834888571117194
-0.9453658824548984,-1.0,-1.0,-1.0,0.5512802698516135,-0.10272359221958094,-6.889909913731247
-1.0,-0.5418776842726818,-1.0,0.4553194952571144,-0.4105604501617175,-0.1410300852249422,-3.8084328751771506
0.03249335207096171,-0.37533907195370725,0.3239859747816878,-0.4575231919241337,0.2492615960487491,1.0,1.1662451528918076
-0.5821632961712337,0.2876166405417448,0.4149547352524386,0.2533735261945621,-0.38927669066581105,-0.992498200197667,2.72679761602863
-0.006187236884768785,-0.1365810126908788,1.0,1.0,0.06544322655301352,-1.0,1.309383519224658
0.24919571789302675,0.6051015013021643,-0.9873732721653979,0.9863658182310475,-0.01711654251288741,-0.6495538200218219,-1.441988617936405
-0.9282312344888575,-1.0,-0.16114354770156764,-1.0,-1.0,-0.7839941586349082,5.5583781189461545
-0.6717962705494647,0.7784042460683991,-1.0,-1.0,0.8297636956118379,0.42354815331621665,4.701843264285328
-0.49082613543469633,-1.0,-1.0,-0.448143191509198,-1.0,-0.40571309065464023,-2.455108211853737
0.45588309783320813,-1.0,0.7336375102380353,0.05788936246976534,0.2676105679861792,-0.8225110041819105,5.068472768803606
1.0,-0.12160835216126942,-0.1727454628485414,0.8769489945028556,-0.4538210059024409,0.7805270568739215,1.9704176905567075
-0.7724420142230919,1.0,-0.9540501754377868,-0.4153908718605648,-0.23639793338543424,0.6794358517995843,8.420531501475317
0.18347547469827374,-1.0,-0.0665563266380006,-1.0,-1.0,-0.22126028984988685,6.657494579505678
1.0,-0.10016717723680435,0.03225068786239871,1.0,-1.0,1.0,7.4490079002046095
1.0,1.0,0.5088539026154257,0.38156205071551375,0.5765164394244631,-0.6753657094153708,-0.8961081639638638
0.14573322707775643,1.0,1.0,0.1486065212040665,-1.0,-0.9122134583701151,-2.7451783972913737
-0.5755059167958535,-0.825296826223405,0.07590223092865878,-1.0,-1.0,-1.0,6.169864353709991
1.0,0.15548827765789708,1.0,1.0,0.0587143989449177,-0.1874866951703408,-0.3097818489238211
-1.0,-1.0,-0.6519768468180347,-0.21556172488495506,-1.0,-1.0,0.737730974986003
1.0,1.0,0.8829676150708495,0.7900213544025323,-0.3550235128740863,0.6159881684946347,-1.3383947643387886
-0.82388027201249,-0.029549274919359436,0.1292923778656041,1.0,-0.5616575848301093,-0.5629823428532683,-0.6018783787274042
0.3034231822650143,-0.9566779052041676,-0.46107300595978723,-1.0,-0.7084663946917351,-0.7847779477275887,5.213113264681338
0.09492968212638375,-0.060301302324539785,0.1918967025380969,1.0,-0.10711835238509293,1.0,3.96519301941621
0.826154114759069,0.25731906166721874,1.0,1.0,-0.6328039621390441,0.2843521804271347,0.5458073011558763
-1.0,-0.8877398604592712,-0.16415729642734922,-0.15838730375137078,-0.17187513268291332,0.24709665165806294,-1.3328244479149853
0.7722790778375836,-0.5898043952996717,-0.2585556811662961,-0.15433441579979984,-1.0,-1.0,5.108074020026535
-1.0,-0.17909629271920968,-1.0,-0.06184220207797053,-0.2013428020702424,-0.030528404840157952,-0.4556981370443839
-0.35739059073141677,0.10514313475172682,-1.0,-0.5984315096169577,-0.36948367556358364,0.5134757845988136,1.4802921181806048
0.04340981203374483,0.9474574003789712,-0.9268537914096707,0.2002671667794862,1.0,-1.0,2.6031644890581855
-0.5227078403850566,0.7586532953865235,-0.5365152155401525,1.0,-1.0,-0.5732860073343817,1.0742574731958836
0.8356493795905264,-0.517052814208215,1.0,-1.0,-1.0,0.015227438886002337,7.366608660233686
0.18079611159974296,0.1372231477181839,-0.1522129873969671,-1.0,-1.0,-1.0,2.740196938539781
-0.6173655285216215,-1.0,1.0,0.12130899220129687,0.014715490647545681,0.18723743985102306,1.2339095320775706
0.7485892418115743,0.37514867574747945,-0.022178384884563966,-0.823088762977636,-0.9434960799466767,0.3984394276904153,4.182096723077683
0.19480512652321647,-1.0,-0.09499212928101253,-1.0,0.9075046294032407,0.18923360679881118,-1.4280225063200795
0.23677069020457497,-0.3842216419209162,-1.0,0.7776109731876314,0.2778397019467804,0.17148173332981032,0.20344245456067045
-0.05240479258090497,1.0,1.0,1.0,-0.5154181727409239,-0.3737636316311697,-1.712870371060427
-1.0,0.046420433303069775,-1.0,-1.0,1.0,-0.8735850286087434,3.9744694842867583
0.9643746641951778,-0.09470809374472389,1.0,0.01491833696279854,0.8911331391161951,-1.0,-2.3508619139317406
0.7133763063245353,1.0,0.8347240635180115,1.0,0.31575319122611667,0.42962216062569314,-4.21265644363394
0.5172224102453618,0.2316788580944734,1.0,1.0,-1.0,-0.4956599793948039,1.7061663021950157
-0.24338084881909294,-0.34495547722189324,1.0,0.8015825533605478,-0.7570841812932276,1.0,-3.592258834735284
0.7353736464524949,0.47001672446388854,0.751883317630908,0.6865507643009768,-0.1984342310853589,0.5919428071163554,-0.7025091828030046
-1.0,-0.5685000305134897,-1.0,-1.0,-0.40925330213506816,-1.0,4.345727338841481
-0.25174197274477994,0.8416048560814481,0.20820254048821185,-0.9936386947485694,-0.1433382552512018,1.0,3.9438013517699715
-0.4978981533731167,-0.5727020456992279,0.5029198371961693,0.3063551536012809,0.44425320369885046,0.08953519921553266,0.5213519075385536
-0.171931075675298,0.37049269087282255,0.620101207640624,0.24173687778525577,0.6589193286820345,0.0137395943984423,0.06550762906608114
-0.9666890996578889,-0.8602499240214756,-0.7791652663765616,-0.11382265294872196,0.22524420112733257,1.0,2.310849218582486
-0.42692128992647094,-1.0,-1.0,-1.0,1.0,0.3453801166834014,-5.285684350455109
0.2878304358704264,-0.8556736403184027,-1.0,-0.902391920165936,1.0,0.49601953545085276,-3.8357276368637288
-1.0,-1.0,-1.0,-1.0,-0.246536103823224,1.0,-1.9426264025159359
-1.0,-1.0,-1.0,-0.3548780521335002,-1.0,-1.0,1.1682542516387129
0.7461190217002974,0.05684243997856206,1.0,0.746652415495413,0.06089994026635126,-1.0,2.1312754459410344
-0.0923563518406203,-1.0,-1.0,0.31872025681079164,-1.0,-0.7271826580190666,-1.8244278056482515
1.0,0.5625853202634338,-0.25745890540850425,0.6653950392521913,-0.07188851119936324,-1.0,5.165203309809049
-1.0,-1.0,-0.6924761609867728,-1.0,-0.6334560627975355,-0.15426831562887983,-2.023120285765205
1.0,1.0,1.0,0.7138085129797485,0.1065115397517774,0.05571153712676946,-2.725528168504698
1.0,0.34383121676294914,1.0,0.1424260832853539,-0.2463336630924211,-1.0,4.548445473157784
0.12180243734012774,1.0,1.0,0.7241281015136651,0.37546903938172016,-0.398251259826798,-3.5827186200091257
0.44310417480167263,0.9272066910146595,1.0,1.0,0.6781736587628628,1.0,-7.467923734435194
0.1416398738110477,-1.0,-0.9456231253885833,-0.30115168454940167,-0.3919744448538861,0.556512717817859,-0.9142614885754832
0.960897817467468,1.0,0.6265140877867723,1.0,-0.5669246085027926,0.11228512358835463,2.033777617621697
-1.0,-0.8043773949899433,-1.0,-1.0,1.0,0.36449316274168964,-6.079607657065475
0.02220393639710294,0.08389454497293591,0.02314848890108423,0.538048434578731,-0.4128505443945894,0.0113936828586787,-0.7757948788217802
0.49045316210553463,-0.26863310609711477,0.6012308362945591,-0.8399782847328036,0.21585359597863374,-0.11002748876627219,-0.9429943656222601
0.27432817681055444,0.18600069506121655,-0.31798354147582986,-0.052462450668187666,-1.0,0.5511554992422731,0.6082001976805158
1.0,1.0,-0.22792641413598813,0.6874426122996147,1.0,0.7277751773951993,-0.06941130152313058
1.0,0.6735872071639966,1.0,0.12746036967230845,-1.0,-0.09772726684858934,3.258590389875634
-0.1591962229612598,0.4945597857172834,-0.0042374417646703355,-0.2617601352469243,0.5041398513468077,-0.38007477105083226,-0.20295685679157222
0.44550517703801085,1.0,0.8135952473588496,1.0,1.0,1.0,-5.9153956236349465
0.1617692486027325,0.3628989256197385,0.04304065071644192,1.0,-0.16715813203590413,-1.0,3.1849499255672256
1.0,0.6752597317909144,-0.06230150878657292,-1.0,0.08592566080196082,-1.0,1.6870017893242346
0.37852906682833204,-0.29939043120271913,-0.2515321181675956,-0.41063023901752727,-1.0,-0.4204555334586537,1.8647694674072162
1.0,0.8282329650204467,0.3434720112408838,1.0,-0.4833069733920223,-1.0,8.904808686146115
0.25489957658266227,0.8148497472139444,1.0,0.5532274572772378,1.0,1.0,-3.386394025496444
0.8817973283513547,-0.3714311956110967,1.0,0.31020939860308727,1.0,1.0,-6.310233737581949
0.7347005381136349,0.4030760791404743,0.754599587814704,0.36582889506589333,-0.32973909098998555,-1.0,4.364575818435525
0.7266628260582365,0.7686063477157038,0.9534037196554295,-0.6182378938452107,0.5140595494529838,-0.023184380537206284,-1.8894937493061266
-0.5250253808815399,-0.9743187504330463,1.0,-1.0,-1.0,-1.0,8.469825914984103
0.9090668467845062,-0.9127710604492383,-1.0,-1.0,0.1873657291649773,-0.033893776330899676,-2.2865517100753925
-1.0,-0.34564638338832143,-0.4702326781407984,-0.6322301268766601,-0.3996398251356591,0.20142152788163625,-2.733004654094881
-0.1248620803747964,-0.3150404714649562,-1.0,-1.0,-0.07971685393590278,-0.4511028589232945,-0.7513122903676165
-0.07261081540089101,0.9175651232611355,0.5113844485425747,0.24567325476018154,-0.5964390912215494,-0.4024324399703108,-0.30136611473086633
0.37293696489650124,0.5818404198353646,0.7697398554049117,1.0,-0.6458138845977768,-0.14883255708092769,1.6708091358790873
-0.23954860952979493,0.40996276694171596,-0.1138119567927276,-1.0,0.48262894332082723,0.6048419112356529,3.842658990454507
-0.1919028451534257,1.0,1.0,0.11919986399360116,-0.3756748654520192,-0.5151769606637456,-2.1323267640824595
-0.8003031736501229,-1.0,0.016929573009076937,-0.8000302597270614,0.009955255990850898,-1.0,4.9508999522738595
0.26274918095531385,1.0,0.33630320604508734,1.0,1.0,-0.4202425535842169,-1.1636754412407075
1.0,-0.35689266722806096,0.5121051022122429,-0.8308987603128027,-1.0,1.0,8.023464846977484
-0.013016740969568286,-1.0,-0.29078894176146575,-1.0,-0.203904151527055,0.3242904258423985,-0.9784518784517688
-0.6872933051636811,-0.11268158028520836,-1.0,-0.8826017852420727,1.0,0.24391675892540554,0.038733593945285694
-0.8993420358761234,-0.9054829613503876,-0.24470046851356386,0.2550132799042692,-0.8476757203272335,-0.6754565779083526,-0.8167109395481357
0.6665560677184044,-0.31754235806854103,-1.0,0.17710115309733757,-0.866189120619846,0.16644621329089127,2.364074951163428
1.0,-1.0,-1.0,-0.4790475083894018,-0.9661903081623102,0.5403696607222799,5.853870581439562
1.0,-0.20952366123326088,-1.0,0.879441087376688,-0.09194769956414763,-0.4936267872767479,-0.10142019808883834
0.04569184956926686,1.0,0.7611472016872445,1.0,-0.04941674965989368,-0.48691642117894995,-2.1190165621025954
-0.32720440034409104,-0.6737440727963133,-0.8224342680456582,-1.0,-0.9448093529816981,-1.0,3.579162420285882
0.6109439634604997,-0.1636497702226667,0.7448391061356526,0.41735032267331984,0.7958431781605481,1.0,-0.7473507074025603
0.010840492379833977,-0.917983300599506,0.21029496859162056,-0.31194636603376313,-0.3227591785331976,-1.0,6.561487033629226
0.6562745845956174,-0.519599900884845,0.5648922461963922,0.7202722539434994,-0.6402639086353539,-0.9102791950667629,7.329998750242871
-0.21498084269736936,-0.6130996571913512,0.5801488150279027,-0.26159089929703006,-0.9481472912160157,1.0,0.45499736002083746
0.44247869081644176,1.0,1.0,0.5261404683570716,0.45603816178659295,0.10773044271001109,-3.006383448484272
-0.051984747680899224,-0.37104717269100274,-0.6588266387080606,-0.46746564309388394,1.0,1.0,4.686032376170451
1.0,1.0,1.0,1.0,-0.477720102665584,1.0,-0.8730841890756046
1.0,-0.8466605703314951,0.523837710055637,-0.3541636446462795,-0.37782562242714424,0.5466218265543226,1.4166926686414805
-0.08882303451521711,-1.0,-0.16317624680875698,-0.9419249005913115,-0.6631493687957202,-1.0,7.0347945773484675
-1.0,0.41606690069087626,-0.7923745461327322,-1.0,1.0,0.7105989782280666,6.367815441850055
0.5992621047239373,-1.0,-0.8055375291152737,0.08330235629379512,-0.901249859583384,-1.0,3.2776125136050553
-0.08651696093031402,-0.3846811312295153,-0.9565122855961472,-0.9454258269035607,0.5304631953404374,1.0,4.050450954654903
-0.3098872612039026,0.7392266683436115,0.01707536009277255,0.6175546376559905,0.44583039524744755,-0.34509376500611466,-0.2728578562010612
1.0,0.16087505378173467,-1.0,0.5319655507743319,-1.0,-0.29747816422863815,4.69415297538166
0.44411169126603856,0.521171445199618,0.6264332149891554,0.0890737473929144,-1.0,-0.3340443419058374,1.2307780064254281
0.23708784440391917,0.5063963264435631,-0.38187707536834914,-1.0,1.0,0.2021490555117147,1.3532477664497944
0.8273179564247057,0.15264353285107912,1.0,1.0,0.20109409537831135,-0.24400397285813763,-1.1285545313680652
-0.8207392959106594,1.0,-0.3716195884874018,0.9590103222247907,-1.0,-0.13710518684714706,0.9512100398085708
0.5430791407574946,1.0,1.0,1.0,1.0,0.06371531263256558,-6.8948599740099255
0.07183375924956448,-1.0,-0.8473811355974461,0.027177566574005246,0.3185031015763611,0.024455336304627373,-2.4897924203171904
0.6875348007755566,0.6418703952501746,1.0,0.3163523045209599,-1.0,-0.9062893639206628,3.236549448687132
0.13362153835523438,-0.8644737116523301,-1.0,-0.5040772642229592,0.41956488559319005,-0.37635444823743347,-1.4684044299098915
0.4040565305662014,-0.24385771255871913,0.09435930579864854,0.980785742613118,0.16475234683383277,-1.0,2.372244335010006
1.0,0.944870901890151,-0.5673337226340986,0.24584470070606035,-0.8220556345141516,-0.7629520888740126,5.509573370047409
-1.0,-1.0,-0.25457196471870414,-1.0,0.650996644382092,0.7971721899758438,-2.2997814316039102
0.4083451768040244,0.6167962510269805,-0.3348212217059815,0.03411429243770814,-1.0,-0.35591383085314865,1.7264815643433378
-1.0,0.3892957915877394,-1.0,0.41152474956915486,-0.4532264180688478,-0.6605597732883552,1.5019367523655482
-1.0,-0.1862973356304849,0.3154978816419438,-0.19064727245541985,0.4097036283078139,1.0,1.6992076156991918
-1.0,-1.0,-0.5046707567048153,-1.0,-0.528656481104064,0.658520366715738,-4.187418209707869
1.0,1.0,1.0,0.4627429333722266,-0.9019501621685968,-0.17013275614868628,2.3790594242075755
0.16988831587393094,-0.0720027983122645,-0.9789962911582788,-1.0,-0.3758635102011046,1.0,5.204814238862323
0.27760536449155626,-0.05456048924768786,0.3017086700327962,0.2587867094743737,-0.4462309043988057,1.0,2.924546082452442
-0.04118365783244071,-0.708525836360611,-0.4604927239368893,-1.0,-0.8251826756219707,-1.0,5.012983370402551
-0.2821021124495271,0.6515435507126313,0.011880355664312336,-1.0,0.6063439718166491,0.8710181801621892,3.702148984940055
0.6689106607332446,0.5699190643859128,-0.8808977155997235,-0.8078559400719911,-0.01704055903312196,-1.0,1.2324537882044129
1.0,1.0,-0.3849515157343055,0.08944968749469306,0.03510500950413503,1.0,5.502552833025355
0.8639604026089573,1.0,0.9252840671874691,-0.16460120036304512,1.0,-1.0,-4.160115914292819
-0.5063048177906364,0.6353677885914042,-0.782832780417763,0.0780770735716323,0.05542431723479746,-0.49184635454448566,0.6095221661504147
0.6032374799825722,-0.8608576497852849,0.27986660053084,-0.7750611047504401,-1.0,-0.7272107683956959,8.86826979183612
0.47603541402501665,0.28184458875209556,0.6400828147750245,0.9784647382449726,-0.7446993697703373,-1.0,5.137976669369847
0.6466846889010222,0.76024491597949,1.0,0.8514412601651521,1.0,0.9028655249044311,-5.301488113564895
-0.7139467948696332,0.1059540123242783,-0.3189290741187961,0.18633306375462744,-0.9619177363786904,-0.5458962163484049,-1.9838185508179496
1.0,0.740477099286964,0.45984744532441346,1.0,0.06152881961583467,0.5463904027411773,-0.35384389226865565
0.17756807777708733,0.6464295702582139,0.10740784189769392,1.0,0.010697881246379382,0.4732973822393818,0.17400690202428754
0.1742237135918488,1.0,0.46052851736319406,0.4141067135913238,-0.21369398073090262,-1.0,1.8952599677984658
-0.31130842172538975,-0.8628612710542962,0.19038308703005033,-0.3662289251020246,-0.9201227021913676,-0.3869011777497995,2.3774099317325015
0.7268792078365247,-0.5766525563646463,0.7849403761248971,-0.8031984049079599,0.10710273381208552,-0.2033786037651224,1.2522910076095513
-0.6209974996833183,0.3188056456200409,-0.35459900801188315,0.2696034648651279,-0.16627662583198555,0.21825908037307504,0.5705246300057005
-0.10687557374144174,-1.0,0.40432455743173457,-0.3301106560969469,-0.490897786187912,0.13492082502820427,0.2645118235770805
0.15789768271879911,0.13891293257892168,0.7485736135724281,1.0,-1.0,-0.6793453840911206,0.8532050038497844
-1.0,-0.027121541046182307,-0.7652909918488088,-0.49616893340591756,1.0,0.652222098956218,2.6393683041526046
0.5063529898693542,0.7968822186110653,-0.007311222047386573,0.8968425853418106,0.5630082886299703,1.0,2.398475945545615
0.6807215089015178,-0.04294559574907533,-0.508438412567596,-0.14900117749845676,-0.10692922225888957,-0.6346458129856654,1.0573574124468392
-1.0,-0.6560637858387985,-1.0,0.19047657242619928,0.3008813445891963,-0.37367514659725043,-1.2016358660371385
0.3450120630286787,0.4447895502164313,0.6231683856343851,-0.38812133635133705,-0.15384915445881897,-0.20262168678364967,0.5522998367653545
-0.483026500388854,-1.0,-0.5581031510476608,-1.0,0.6306179650309558,-0.025090406833578882,-2.631887208157747
-0.7468018066033444,-1.0,-0.4938710010422308,-0.3877263183570217,1.0,-1.0,4.315813739772096
-0.2519044211969019,-0.12863223364004484,0.1843989508486883,1.0,-0.8012683323190012,-1.0,3.1129897069692936
0.7326325191847953,0.10230023331492172,-0.6415070506231484,0.9891877405159071,1.0,0.2787053905493305,-1.6895403389027177
1.0,0.6849895606464294,1.0,0.17196912308845547,-0.487061610578263,-1.0,4.91035384250358
0.847739890317915,0.36963337116968464,0.36387802352697807,1.0,0.9401221583976149,0.6603813172749233,-2.0701570361689416
-1.0,0.10873735506649829,-0.18647744256191123,-0.2924977440405554,-0.581586474581445,-1.0,1.1279727330507519
-1.0,-0.6083314725660576,0.21617576582703635,0.7538682458074981,-0.18525762232082227,-0.4900134366180708,0.14222236036935434
1.0,0.46031271313109556,1.0,0.8173355748676545,-0.6684427855663433,1.0,1.4003178323464434
1.0,-0.38815299959639726,0.4597145654534345,-0.5817830572839002,-0.13062378688636225,-1.0,6.052407835199878
-0.6201321380921079,-1.0,-0.772119785601945,-1.0,-0.51661030906418,-1.0,3.6996261312122205
-0.5150797389912714,-1.0,-1.0,-0.0454951414352327,-0.6210503714645587,0.5845466148887157,-2.1017369996449813
1.0,0.9122618191170924,0.6507326416891381,0.1525440190912739,0.5297952961928234,-0.07085815426604178,-2.453187212336758
-1.0,-0.41582202016614533,-0.7987294946357869,-1.0,0.06761853599400965,0.9290281625730701,1.4989442677364597
-0.11530056539963096,-0.4826460534763922,-1.0,0.4211485302251085,1.0,1.0,7.834334156607506
0.7916688287321503,1.0,0.40145871370281394,-0.14437683981979194,-0.727668524771099,1.0,5.5618128196977406
0.7558293463119917,0.6496360759010078,1.0,-0.7727586805812112,-0.14228290954617262,-0.4866252541739509,-0.281836336358727
-1.0,-1.0,-1.0,-1.0,1.0,-0.7768636842642371,-1.4891849577625365
0.4881300399101126,-1.0,0.3492885972855595,0.2681676210392161,-0.4511392618221083,0.8548897608985122,3.447907232801801
-0.3664667435378235,-0.8632676598622495,-1.0,-0.19238059400433682,-0.013912461242750793,-0.794326136898212,1.595016794776457
-0.16851307673720534,0.029635240967432308,1.0,-0.4812025546699038,-1.0,1.0,-2.193595217557588
-0.07574635738371321,-1.0,1.0,0.4185259900526417,1.0,-0.4790529728624098,2.6525275511443764
0.13434560653888605,-0.011326460517260772,-0.3306177359313617,-0.41288462771920575,1.0,-1.0,0.8127297383636536
-1.0,-0.520199601115279,-0.7757757095994994,-0.26652426183935707,-0.17308621342355696,-0.46969491457130724,-0.6772727555587483
-0.41372531633523546,-0.6151296419724415,-0.8475372031738708,-0.20523850986657227,-0.5931920195806166,0.5264686177737111,0.22123114799311047
0.0525062266158655,-0.16578575651078786,0.11677705362523982,-0.19744839317102947,0.4186645182876386,0.32044676090984925,-0.3163690674243782
0.6852872880438118,-1.0,-0.26129374220067103,-0.7455207214711725,1.0,1.0,-2.7709645270621746
-0.7346054331123264,-1.0,-0.2868918864431623,-0.14214672843525666,1.0,0.6066532608363278,1.842610447847345
-0.1358856030732926,0.21269810486013535,-1.0,-0.8197584998917302,-1.0,-0.6478521444318557,-0.3413277335984537
-0.3583568521966298,-0.2484264259426181,-0.46239578460169345,-1.0,-0.739861732297407,-0.018062397734091268,1.2013506043546265
-0.6452221699736385,-1.0,0.3448520390297712,-1.0,-1.0,-0.7382581973763647,6.935166204928844
-1.0,-0.42496893446103234,-0.45488147527272416,-0.8993808440746822,0.7849351715073422,0.41195883361910934,1.8695996436636524
1.0,-0.330788161975041,0.9089353592038449,1.0,1.0,0.6882824419023583,-6.282385912736553
1.0,0.8923901693332104,1.0,0.7178083249100249,-0.5352201061099804,-1.0,5.6593732140860045
-0.5639680533820254,0.29907353882315785,-0.053771267949853985,-0.29583931071633585,0.5047904803174466,0.11055523603956713,0.8946559599197325
-0.9002502530652631,0.6265334835016907,-0.024564047753959595,-0.6098664840849326,1.0,0.4492869544790925,3.403965539149696
0.20833845869052425,0.07775440904883846,1.0,0.5557280267829983,0.3080389671064212,0.369109147228307,-2.346277869162029
0.6839007807751729,-0.0053690394894456706,1.0,1.0,0.21749173969397634,1.0,-2.4598564137959515
0.11474814501118058,-0.20714242240299707,0.5260012283748365,-0.15576715299416255,-0.08970671345397596,0.5948941735534263,0.07667569955195933
-1.0,-1.0,-0.008269294095139212,-0.5286059572514941,-0.13787720359531241,-0.7143061374116533,2.3181624156196134
-1.0,-0.7536569003630791,-1.0,-0.9920787882261118,-0.15773893217243262,-1.0,4.53700328338559
0.34162588248478487,1.0,1.0,1.0,-0.12548042817745197,-0.50836801460094,-1.3326308534471742
0.012930923288939467,0.6427323456975155,-0.6972593779467245,0.14545477974012025,-1.0,0.463917979097434,1.795364495493609
-1.0,-0.5195535086441605,-0.009646459601035051,-1.0,-1.0,-1.0,3.007794745750155
-1.0,-1.0,-0.7307566623400115,-0.9106472265500374,1.0,-0.1296267113326438,-3.5135546778031026
0.28307853747486555,-0.3840088407387351,0.6140871435368658,-0.22994915485692408,0.0013809123486097086,-1.0,5.090299117384861
-0.013955354889999647,-0.03914949582271532,-1.0,-0.9714208626229122,0.6088244676127827,1.0,5.678169129895469
1.0,0.7937471905547653,0.7263754391387685,-0.5330462680778665,0.27032333358468086,1.0,0.2669004870459779
-1.0,-0.9957034798774202,0.0676584416766617,-0.9060262553118428,-0.18424288697211477,1.0,-3.779915046760472
-0.1603374572101559,-1.0,-1.0,-0.7536184491138245,0.405792335328906,0.4682509012377897,-2.3283036716668466
-1.0,-1.0,-0.31734461749305276,-0.47088275908307303,1.0,-0.5802683355173224,3.0969940699062826
0.7743002331704821,1.0,0.594948227954454,1.0,-0.20112243457315443,-0.9479688367715866,3.5490115000526563
-0.6821324339469288,-0.2811735656236166,-0.4854827525928336,0.7363905776086471,-1.0,-1.0,0.4671874993745521
0.5810367173152297,1.0,1.0,-0.17037114866780365,0.6086495906927301,1.0,-3.2194259358033013
-0.5829468541058647,-1.0,-0.054675834670757095,-0.09260113366316025,-0.6497629726725089,-0.18221991687481176,0.135012665176577
1.0,1.0,1.0,0.9339772734612145,0.32018814729729156,0.08056467017542812,-4.480068557663678
1.0,0.196567566020169,1.0,1.0,-0.42936591030979565,-0.7074197367998784,4.022510503617602
-1.0,0.8477870387740502,0.42586940972989323,0.8758516181538913,1.0,-0.17063696152305952,0.9734440497745884
0.8782203892313237,0.19661124554485004,-0.6676572550914901,0.07198621564197061,0.08871750941525991,-1.0,2.4270009501145866
0.8920075967589634,0.4779378207061214,0.6986872150564429,0.8962615256877026,-0.8969004662687436,-1.0,7.579685380807207
-0.3635264950466337,-0.7007984592976333,-0.2722481656494521,-0.3571884880819293,-0.9482425593184609,-0.1236438677597147,-0.18122404454231614
-0.6368378575091025,1.0,-0.48306955773809956,-0.45864745148790964,-0.036797097624311936,-0.42086298004965556,0.028953061272113556
-1.0,-0.48255361962157284,-0.04784056403559167,-1.0,0.15627848202621375,-1.0,3.7666356199635254
0.07138480625181409,1.0,1.0,1.0,0.31317655579546444,1.0,-5.267937248517542
-1.0,-0.07394035683743205,-1.0,0.1455893825168212,-0.756403433244103,-0.5574384021664656,-3.466291092397844
1.0,0.6379924211216965,0.03013471249598154,0.37083602568915064,1.0,0.9998396102439775,0.7577014373118182
-1.0,-0.7565210203009327,-1.0,-1.0,-0.4316619667781223,-0.2836745417372295,-2.9502821613828045
0.5838459278410528,0.33643530553498624,0.2714675247448475,-0.08187720928141395,0.5177123723600527,0.9481673968648852,1.8045778612869467
-0.45073381577053406,-1.0,-0.8054064730310879,-0.09277897328537499,0.40644910879603724,0.2505602040132969,-2.4334224886520293
1.0,1.0,0.6866586653053044,0.7401709798961882,-0.046694342752714446,-1.0,4.008161752499617
-1.0,-0.9812573462642988,-0.5770683361331144,-0.04026629090999112,0.48572689956973264,1.0,2.316875000961601
-0.2632125419020498,0.9078677958850874,0.36604041123176656,0.7852048956533721,0.2152761694753409,0.3810924232530224,-1.7628977183317485
1.0,0.23537625127230874,0.3657372488126054,0.44724686656094936,-0.7357471547867167,-0.9751443263401441,7.762193003642382
-0.003882319514955629,-1.0,0.8903396888017723,1.0,1.0,1.0,1.2764089064649764
-1.0,-1.0,-0.5525234843362619,-1.0,0.23510658773961235,0.15189814316249617,-3.6430740228558567
-1.0,0.11284953880696538,-1.0,-1.0,1.0,0.45660629799395025,1.5671719053015352
0.06416581207090294,-0.7328122046367997,-0.27462180028507854,-1.0,0.6283057271184809,1.0,0.3719742926114344
-0.45412049224833495,-0.8956759773129639,-0.03549340183607791,-0.560976336461767,-0.7401762744880387,0.7462802663887121,-0.6517589832669939
-1.0,0.48805487596135677,0.6507879731877141,0.01425539885228605,-0.6627181370246764,-0.2582621436327266,-1.8991719977612382
1.0,-0.2567867009125037,1.0,1.0,0.34532803671704493,1.0,-4.019427515582752
-0.8096632501423839,-0.5686146518535232,-0.19675104424192347,-1.0,0.32074220693810507,1.0,0.06338526695957125
-0.6475788309869932,-1.0,-0.924430441814037,-1.0,-1.0,-1.0,5.5642748687850565
1.0,-0.8514991247563543,0.5285210226112945,0.228042484024791,1.0,1.0,-2.741397897062162
-0.21097090149649406,-0.15984654022694178,0.31324596141394956,0.5325346066882392,1.0,1.0,4.2677274643931264
0.6258123827716068,-0.4225367247265881,-1.0,-1.0,1.0,0.12434456301139951,-3.393020008207402
-0.24563331137970768,-0.7936075958949683,-0.3939216327351003,-0.7615468384707152,-1.0,-0.11107700156050304,1.669791527843643
0.06355136083164248,0.25562673128723434,-1.0,-0.7862846039945554,0.47744851034890756,0.4673894312547043,0.9305481319580688
0.2904296253442854,0.14515200348795587,0.3039866187762803,-0.06284863797269424,-1.0,-0.26235058712526205,0.06393360333593634
0.4057422543397352,0.013870632125218663,0.7934513145536182,0.20675164016811132,1.0,1.0,-0.8888306627187691
0.7990674404734219,0.2358251676695875,1.0,1.0,-0.07359312993585114,0.028641750682169294,-1.5415959492702789
0.9078398410617609,-0.07116124320067799,-0.4023879447088392,-0.6453585981581904,-0.04522676565590866,0.19101513113267654,-0.3397488034941976
-0.7218989895135299,-0.8089042284735328,-1.0,-0.4127920179825948,0.08370061784746896,1.0,3.8326930888567445
-0.37916112317779094,-0.6800738435809334,1.0,-1.0,1.0,1.0,-3.210729781943636
1.0,0.9500527934107876,1.0,1.0,-0.31828777431780564,-0.6217168359147498,2.9142709353229836
1.0,-0.666463557314695,0.8954205523691388,0.9995930451915142,0.957462584743248,0.9183965441541873,-3.912224319030425
0.4291025555861169,0.6117763409124412,-0.26067622239480404,-0.1557628776645391,0.4805521812588329,-0.6255994207503786,-0.37454155334353145
-0.6755689826086607,-1.0,0.10355851311724085,0.0966002733255511,0.9762254393876955,-0.3742440446769467,2.9824734240321495
1.0,0.5674055893889782,0.5631904257605153,0.8100400667880221,-1.0,0.9572005302488185,4.838306055614838
-0.8536325010522436,-0.6396315822306826,-0.7168755210027746,-1.0,-0.4637978484379135,-0.5357471243195435,-0.2180593710999354
-0.3928067323397848,-1.0,0.24034201416290812,-1.0,0.49154074286954436,-0.08837634647444781,0.10837709433859233
-0.6520014301442952,-0.24184874605483786,-0.12078873143905106,-0.3194448282725578,0.8741059375749142,-0.11959338026273597,1.6473940901994009
0.5206783851932181,1.0,-0.16307946512725568,1.0,1.0,0.007349656852711384,-1.5405124719602563
-0.15753287423867812,-0.5821549701043449,-0.7742661529582163,0.06550782261136774,0.8276990709966332,-0.00124946084173716,-0.3264982230579845
-0.8456825096299107,-1.0,-1.0,-1.0,0.8369808386762403,-0.08599223515324192,-7.715137448217826
1.0,0.7655453462384958,0.744058239095551,0.5750112025326142,1.0,-0.3347408945407916,-2.653340579011998
-0.5189883984255497,-1.0,0.7345518890358591,0.3320072777365369,1.0,0.6962812130801705,2.167547871909464
-1.0,-0.16859340654737598,-1.0,-1.0,-1.0,-0.9131168200788906,1.59823274863947
1.0,0.09161689636946535,-0.1814499308295764,0.271729252723354,-0.4729749921094322,0.6098492617876299,2.3616938752351406
0.06802833931955049,0.1416861406048271,-0.9253881211315719,-0.41831707152915887,-1.0,1.0,6.5939822727373505
-0.44081272638848645,0.07324678584616212,0.8522037305745912,-0.4976923289081824,0.009564737120228095,-0.1513549808538476,0.012851847997027883
-0.0540133982875004,-0.43911143736242164,-1.0,0.12069585138863215,-0.7389306437256761,0.817694840643284,3.332352053648351
0.023458855644532428,0.04499505457431918,0.27521462508488775,1.0,1.0,0.2536970226955959,0.9371715986993945
0.2131117661140698,0.1467423946220897,0.9562165729046921,0.5031422985968279,0.2835339399224203,-0.3209436130359774,0.2372585133273986
-0.07445477951676549,-0.5315616664174491,-0.8700179170855024,1.0,-0.1733214835859675,-0.3147564113690309,-0.9684153204268902
-1.0,-1.0,-1.0,-1.0,1.0,0.6765405123730752,-6.22365453049305
-0.9956239113316552,-1.0,-0.5961032717203958,-1.0,0.49196599032149013,-0.3347524966870419,-2.546866569425734
-1.0,-0.958941600246878,-0.1388474133821278,-0.42448072871025955,-1.0,-0.850372198585473,2.162131743555747
1.0,-0.2964088685065802,-0.461564925727167,1.0,-0.22330451963403947,-1.0,3.742468413231901
-1.0,-0.6116412608369864,-1.0,-0.16344545863438487,0.20067112384835184,-0.5450024310606065,-0.4976709506125328
0.21738788463013153,-1.0,-0.34532786173370933,-0.6390283681897897,0.44191040752279975,1.0,-0.25777500283494054
0.09812902137185348,-0.583409594770501,-1.0,0.009837598521737073,0.1432358080512535,-0.08364302209457022,0.4391083921419491
-0.0809937793393285,0.3421524645443354,0.9342849492633724,0.26995421450239643,0.6049045233640522,1.0,-0.2137028874478326
0.8326995353737199,-1.0,0.7368992782416453,-0.667266422405492,-1.0,-0.2422665631450115,10.443171816794269
0.7466916723145598,0.2051446677242179,0.03272595946020458,0.9163098847250524,0.33171250017547327,-0.3349572220482586,-1.0450584484308203
-0.11766316502784913,0.20637972948311004,-0.5971416356055186,-1.0,1.0,1.0,7.901434112982629
-0.48931846806056756,0.260532355011852,-0.9081857527966131,-0.09736366463573504,1.0,0.718298331045877,5.318224977548349
0.7772960148862924,0.4576508544250913,0.5488221519904329,0.13421671548814862,-1.0,0.35348345695005723,1.8646908221957008
-0.4163233766483066,0.20984163366677017,1.0,0.06354933173537836,-1.0,0.03275450744103481,-2.3313585819951292
-0.08862256986830541,0.7696228302639694,0.8654008270850931,0.693587700451989,0.07094164515750734,0.8555294854770757,-2.5380704471206874
0.31208590757690724,-0.7352776408435244,0.379306013976658,-0.4450494265552437,0.4308602278280327,0.6312287620122976,-0.5468652169476782
1.0,0.975574244807577,0.542321221143719,-0.08109972971392221,-0.19761984783403763,0.17060041170005003,-0.1635072304317594
-0.654847223874764,0.6567792543333373,0.46161986574304764,-0.6601642957803137,0.18382464949346033,0.07447816128560047,-0.3030542102765928
-0.04975057525941462,-1.0,-0.21327827964466206,-0.9516514784067353,-0.011190224973759544,0.23486646127547028,-0.8635888893029402
1.0,1.0,1.0,1.0,0.7117291192974735,1.0,-8.769606164330078
0.7415739182496714,-0.6270638401019187,-1.0,0.25618822937398567,-0.16939446143590076,-1.0,2.986961844523344
-0.9482407657860894,-0.672041956065827,-0.7315133256370474,0.8036665488499526,0.12962517658008066,-0.31023662385924994,-1.4231615115936584
-0.3811135656858747,0.12926531478080272,0.12056606815892346,0.3488291145592539,-0.37144040011195023,-0.42900247741483355,0.4730472587652009
1.0,-0.1389121711443424,-0.5394040731947999,-0.8534588000143322,0.5777224202571438,0.7662026049788285,-0.48367199923704896
0.1031391443312681,-0.21042519843847662,0.07167754875826382,0.23824062920772282,0.4291192727712142,0.4744104473832039,0.9279554617473788
0.15837554084868935,0.05045167143752327,-0.19085573593930694,-0.8961659871428751,0.5394786443967776,0.27466270478317256,0.5186041666251493
0.600961133836724,0.9255449538825459,0.9135569472939057,-0.54319743188676,1.0,-0.9722885904715344,-3.787644040413589
-1.0,-1.0,-0.3067084772194788,-0.68117038901243,-1.0,-1.0,2.089212395222598
0.16402720800633852,1.0,0.8978807177740131,0.5720122623338704,1.0,0.27330335531299554,-3.8526576184674775
0.1708373853764067,1.0,0.9608984421730391,1.0,0.6058465249012339,-0.3385858909889623,-4.485720842248979
-0.6117966562323602,-0.49574699011587575,-1.0,-0.8267625802541239,-0.32438298732995763,-0.2008450413605105,-1.9045938314402717
-0.9889399843738912,0.17326099780647097,-0.6307746084415657,-1.0,0.1519173481044337,-0.3528387626173979,-0.9734079412464482
0.6279350816657561,-1.0,-0.3409677918331856,1.0,-0.8063710241275782,-0.06538961601516756,3.681999902914007
0.738436224649605,1.0,1.0,0.9250296762005843,0.6803428761273838,1.0,-7.028768069995088
-0.6850760462824693,0.4782819391117302,-0.7621915151810101,-0.6788330529823702,-1.0,-0.6106152669778419,-1.5782642717520852
-1.0,-1.0,-1.0,-1.0,-0.3481385638710638,-1.0,3.4043967696010484
1.0,0.8381505742718682,1.0,1.0,-0.616197737331754,-0.1748053767205934,2.9107948599957987
1.0,-1.0,-0.031222836016637667,0.32495394713665593,0.018378587066573693,-0.8509757006537697,3.265529437831484
-1.0,-0.41396682554864805,1.0,0.06397610942740875,0.723873039414666,0.8771327700094087,-1.26641874723948
0.24483672885346563,-1.0,-1.0,-0.23875785201485988,-1.0,-0.21039235565850367,-0.5122188271345058
1.0,0.5899044984977456,-0.3082309777809841,0.7561466186578211,0.32027572190664083,-0.337498147581064,-0.1710818457887056
-0.8259147775277931,-0.7198003054311519,-0.5404742673961822,-1.0,0.539505306420099,-0.44317035026344337,1.431744597333061
-0.6942854809846091,-1.0,-0.25727935071296515,-0.417028903997257,1.0,1.0,4.356995287127184
-1.0,-0.05235729631110664,-1.0,-0.3736854786373657,-0.2709495680363315,0.9499579676500953,5.023170755574347
-0.296525998564821,-0.2427494316792187,-0.8011277136729948,-1.0,-1.0,0.2680012344523474,0.3848686066867746
0.2310142148593155,0.2722963305900441,1.0,0.6605133395937748,-1.0,-0.29549115005866594,-0.28447825822235623
-1.0,-0.45262847208455814,-1.0,-0.7223216813395672,0.6091767363250231,-0.020305003962736712,-2.460896226695835
1.0,0.1949709766439469,0.4567890799889751,1.0,1.0,0.9757518214275509,0.03712465719233016
-1.0,-0.65134900766719,-1.0,-1.0,-1.0,-1.0,4.381251900951185
-0.5967975006342945,1.0,1.0,-0.08636476817788097,0.5874398017519156,-0.008155627393899634,-3.3524662795898768
-1.0,0.0865377408634419,-0.5765153751227046,0.5094447143132061,-0.5702982911935659,0.5803106487038316,-1.4577792671299137
-0.07112103256171534,-0.7115315983066495,-0.28524876356115736,-0.22816598964376555,-1.0,-0.03318455181570168,0.18837550901985012
0.7565264400931428,-0.0421510152824458,0.2736826660736977,-0.19886195102087578,0.4980376746897932,1.0,1.2988541146535877
-0.40521213735471484,0.409205873165477,-0.8565827446624601,-0.4141196005895589,-1.0,-0.191336095554983,-2.695734647662035
1.0,1.0,-0.21796506349714534,0.6928848918418529,0.9621793390375297,0.16694134193063676,-0.8283228322101106
-0.3658410537170307,0.5603513224017271,0.3267404969761327,1.0,0.3254771263714624,0.9895293959288353,0.726331613754066
-0.2542767475487634,-0.3650863974709,-1.0,-0.21097145559391994,0.46409421421884345,1.0,6.93768550800691
1.0,-0.3291519176819518,-0.0024848619599073807,1.0,1.0,0.2635384427606875,-1.624215364272342
1.0,0.7972919406984658,1.0,1.0,-1.0,0.019437387883033102,3.4681256660144597
-0.8104830508401998,-0.9170985599435947,0.13164962322574764,0.13752726090353506,0.0077200618860627235,1.0,-0.03679567424883168
-0.02614624761946971,0.6897572454020291,0.21835569327439786,0.4614837923797125,-0.8191427432526162,-0.38899731992173414,-0.6083028320476507
-1.0,-0.4828661319297751,-1.0,-0.49613453641171956,-0.7506906863109211,-1.0,4.110243321593649
1.0,0.840717953789079,1.0,0.9230839610389934,-0.8508296161105231,-1.0,8.155654116620788
